30,30,23,250,170,191,170,170,169,170,251,16,30,30,30,30,30,30,30,30,30,30,30,30,30,30,30,30,23,54,55,0,0,118,119,118,119,54,55,16,30,30,30,30,30,30,30,30,30,30,30,30,30,30,30,30,30,30,30,30,30,30,30,30,30,30,30,30,30,30,30,30,30,30,30,30,30,30,30,30,30,30,30,30,30,30,30,30,30,30,30,30,30,30,30,30,30,30,30,30,30,30,30,30,30,30,30,30,30,30,30,30,30,30,30,30,30,30,30,30,30,30,30,30,30,30,30,30,30,30,30,30
30,30,23,250,170,170,168,169,170,170,251,9,28,28,28,28,28,28,28,28,28,28,28,28,28,28,28,28,10,54,55,0,0,118,119,118,119,54,55,9,28,28,28,28,28,28,28,28,28,28,28,28,28,28,28,28,28,28,28,28,28,28,28,28,28,28,28,28,28,28,28,28,28,28,28,28,28,28,28,28,28,28,28,28,28,28,28,28,28,28,28,28,28,28,28,28,28,28,28,28,28,28,28,28,28,28,28,28,28,28,28,28,28,28,28,28,28,28,4,30,30,30,30,30,30,30,30,30,30,30,30,30
30,30,23,250,170,170,169,168,170,170,251,0,0,0,0,0,0,0,0,0,0,0,0,0,0,0,0,0,0,54,55,0,0,118,119,118,119,54,55,0,0,0,0,0,0,0,0,0,0,0,0,0,0,0,0,0,0,0,0,0,0,0,0,0,0,0,0,0,0,0,0,0,0,0,0,0,0,0,0,0,0,0,0,0,0,0,196,207,196,207,0,0,0,0,0,0,0,0,0,0,0,0,0,0,0,0,0,0,0,0,0,0,0,0,0,0,0,0,16,30,30,30,30,30,30,30,30,30,30,30,30,30
30,30,23,250,170,169,170,170,168,170,251,0,0,0,0,0,0,0,0,0,0,0,0,0,0,0,0,0,0,54,55,0,0,118,119,118,119,54,55,0,0,0,0,0,0,0,0,0,0,0,0,0,0,0,0,0,0,0,0,0,0,0,0,0,0,0,0,0,0,0,0,0,0,0,0,0,0,0,0,0,0,0,0,0,0,0,196,207,196,207,0,0,0,0,0,0,0,0,0,0,0,0,0,0,0,0,0,0,0,0,0,0,0,0,0,0,0,0,16,30,30,30,30,30,30,30,30,30,30,30,30,30
30,30,23,244,212,148,148,148,148,208,245,0,0,0,0,0,0,0,0,0,0,0,0,0,0,0,0,0,0,54,55,0,0,118,119,118,119,54,55,0,0,0,0,0,0,0,0,0,0,0,0,0,0,0,0,0,0,0,0,0,0,0,0,0,0,0,0,0,0,0,0,0,0,0,0,0,0,0,0,0,0,0,0,0,0,0,196,207,196,207,0,0,0,0,0,0,0,0,0,0,0,0,0,0,0,0,0,0,0,0,0,0,0,0,0,0,0,0,16,30,30,30,30,30,30,30,30,30,30,30,30,30
30,30,23,236,209,149,149,149,149,213,237,0,0,0,0,0,0,0,0,0,0,0,0,0,0,0,0,0,0,54,55,0,0,118,119,118,119,54,55,0,0,0,0,0,0,0,0,0,0,0,0,0,0,0,0,0,0,0,0,0,0,0,0,0,0,0,0,0,0,0,0,0,0,0,0,0,0,0,0,0,0,0,0,0,0,0,196,207,196,207,0,0,0,0,0,0,0,0,0,0,0,0,0,0,0,0,0,0,0,0,0,0,0,0,0,0,0,0,16,30,30,30,30,30,30,30,30,30,30,30,30,30
30,30,23,250,170,168,170,170,169,170,251,0,0,0,0,0,0,0,0,0,0,0,0,0,0,0,0,0,0,54,55,0,0,118,119,118,119,54,55,0,0,0,0,0,0,0,0,0,0,0,0,0,0,0,0,0,0,0,0,0,0,0,0,0,0,0,0,0,0,0,0,0,0,0,0,0,0,0,0,0,0,0,0,0,0,0,196,207,196,207,0,0,0,0,0,0,0,0,0,0,0,0,0,0,0,0,0,0,0,0,0,0,0,0,0,0,0,0,16,30,30,30,30,30,30,30,30,30,30,30,30,30
30,30,23,250,170,170,168,169,170,170,251,0,0,0,0,0,0,0,0,0,0,0,0,0,0,0,0,0,0,54,55,0,0,118,119,118,119,54,55,0,0,0,0,0,0,0,0,0,0,0,0,0,0,0,0,0,0,0,0,0,0,0,0,0,0,0,0,0,0,0,0,0,0,0,0,0,0,0,0,0,0,0,0,0,0,0,196,207,196,207,0,0,0,0,0,0,0,0,0,0,0,0,0,0,0,0,0,0,0,0,0,0,0,0,0,0,0,0,16,30,30,30,30,30,30,30,30,30,30,30,30,30
30,30,23,250,170,170,169,168,170,170,251,0,0,0,0,0,0,0,0,0,0,0,0,0,0,0,0,0,0,54,55,0,0,118,119,118,119,54,55,0,0,0,0,0,0,0,0,0,0,0,0,0,0,0,0,0,0,0,0,0,0,0,0,0,0,0,0,0,0,0,0,0,0,0,0,0,0,0,0,0,0,0,0,0,0,0,196,207,196,207,0,0,0,0,0,0,0,0,0,0,0,0,0,0,0,0,0,0,0,0,0,0,0,0,0,0,0,0,16,30,30,30,30,30,30,30,30,30,30,30,30,30
30,30,23,250,170,169,170,170,168,170,251,0,0,0,0,0,0,0,0,0,0,0,0,0,0,0,0,0,0,54,55,0,0,118,119,118,119,54,55,0,0,0,0,0,0,0,0,0,0,0,0,0,0,0,0,0,0,0,0,0,0,0,0,0,0,0,0,0,0,0,0,0,0,0,0,0,0,0,0,0,0,0,0,0,0,0,196,207,196,207,0,0,0,0,0,0,0,0,0,0,0,0,0,0,0,0,0,0,0,0,0,0,0,0,0,0,0,0,16,30,30,30,30,30,30,30,30,30,30,30,30,30
30,30,23,244,212,148,148,148,148,208,245,0,0,0,0,0,0,0,0,0,0,0,0,0,0,0,0,0,0,54,55,0,0,118,119,118,119,54,55,0,0,0,0,0,0,0,0,0,0,0,0,0,0,0,0,189,0,0,0,0,0,0,0,0,0,0,0,0,0,0,0,0,0,0,0,0,0,0,0,0,0,0,0,0,0,0,196,207,196,207,0,0,0,0,0,0,0,0,0,0,0,0,0,0,0,0,0,0,0,0,0,0,0,0,0,0,0,0,16,30,30,30,30,30,30,30,30,30,30,30,30,30
30,30,23,236,209,149,149,149,149,213,237,0,0,0,0,0,0,0,0,0,0,0,0,0,0,0,0,0,0,54,55,0,0,118,119,118,119,54,55,0,0,0,0,0,0,0,0,0,0,0,0,0,0,0,0,0,0,0,0,0,0,0,0,0,0,0,0,0,0,0,0,0,0,0,0,0,0,0,0,0,0,0,0,0,0,0,196,207,196,207,0,0,0,0,0,0,0,0,0,0,0,0,0,0,0,0,0,0,0,0,0,0,0,0,0,0,0,0,16,30,30,30,30,30,30,30,30,30,30,30,30,30
30,30,23,250,170,168,170,170,169,170,251,0,0,0,0,0,0,0,0,0,0,0,0,0,0,0,0,0,0,54,55,0,0,118,119,118,119,54,55,0,0,0,0,0,0,0,0,0,0,0,0,0,0,0,0,0,0,0,0,0,0,0,0,0,0,0,0,0,0,0,0,0,0,0,0,0,0,0,0,0,0,1,6,6,6,6,6,6,6,6,6,6,6,6,6,6,6,6,6,6,6,6,6,6,6,2,0,0,0,0,0,0,0,0,0,0,0,0,16,30,30,30,30,30,30,30,30,30,30,30,30,30
30,30,23,250,170,170,168,169,170,170,251,0,0,0,0,0,0,0,0,0,0,0,0,0,0,0,0,0,0,54,55,0,0,118,119,118,119,54,55,0,0,0,0,0,0,0,0,0,0,0,0,0,0,0,0,0,0,0,0,0,0,0,0,0,0,0,0,0,0,0,0,0,0,0,0,0,0,0,0,0,0,16,30,30,30,30,30,30,30,30,30,30,30,30,30,30,30,30,30,30,30,30,30,30,30,23,198,198,198,198,198,198,198,198,198,198,198,198,16,30,30,30,30,30,30,30,30,30,30,30,30,30
30,30,23,250,170,170,169,168,170,170,251,0,0,0,0,0,0,0,0,0,0,0,0,0,0,0,0,0,0,54,55,0,0,118,119,118,119,54,49,52,52,52,52,52,52,52,52,52,52,52,52,52,52,52,52,52,52,52,52,37,197,198,198,198,197,198,193,0,0,0,0,0,0,0,0,0,0,0,0,0,0,16,30,30,30,30,30,30,30,30,30,30,30,30,30,30,30,30,30,30,30,30,30,30,30,23,205,205,205,205,205,205,205,205,205,205,205,205,16,30,30,30,30,30,30,30,30,30,30,30,30,30
30,30,23,250,170,169,170,170,168,170,251,0,0,0,0,0,0,0,0,0,0,0,0,0,0,0,0,0,0,54,55,0,0,118,119,118,119,56,60,60,60,60,60,60,60,60,60,60,60,60,60,60,60,60,60,60,60,60,60,45,206,205,205,205,206,195,207,0,0,0,0,0,0,0,0,0,0,0,0,0,0,9,28,28,28,28,28,28,28,28,28,28,28,28,28,28,28,28,28,28,28,28,28,28,28,10,0,0,0,0,0,0,0,0,0,0,0,0,16,30,30,30,30,30,30,30,30,30,30,30,30,30
30,30,23,244,212,148,148,148,148,208,240,248,248,248,248,235,234,248,248,248,248,235,234,248,248,248,248,248,239,54,55,0,0,118,119,118,119,0,0,0,0,0,0,0,0,0,0,0,0,0,0,0,0,0,0,0,0,0,0,0,0,0,0,0,0,196,207,0,0,0,0,0,0,0,0,0,0,0,0,0,0,0,54,55,156,167,0,0,0,181,196,207,0,0,0,0,0,0,0,0,0,0,0,156,167,0,0,0,0,0,0,0,0,0,0,0,0,0,16,30,30,30,30,30,30,30,30,30,30,30,30,30
30,30,23,236,209,149,149,149,149,219,210,170,170,170,170,215,210,170,170,170,170,215,210,170,170,170,170,169,251,54,55,0,0,118,119,118,119,0,0,0,0,0,0,0,0,0,0,0,0,0,0,0,0,0,0,0,0,0,0,0,0,0,0,0,0,196,207,0,0,0,0,0,0,0,0,0,0,0,0,0,0,0,54,55,156,167,0,0,0,0,196,207,0,0,0,0,0,0,0,0,0,0,0,156,167,0,0,0,0,0,0,0,0,0,0,0,0,0,16,30,30,30,30,30,30,30,30,30,30,30,30,30
30,30,23,250,170,168,170,170,169,151,150,168,170,170,169,151,150,168,170,170,169,151,150,168,170,170,169,170,251,54,55,0,0,118,119,118,119,0,0,0,0,0,0,0,0,0,0,0,0,0,0,0,0,0,0,0,0,0,0,0,0,0,0,0,0,196,207,0,0,0,0,0,0,0,0,0,0,0,0,0,0,0,54,55,156,167,0,0,0,0,196,207,0,0,0,0,0,0,0,0,0,0,0,156,167,0,0,0,0,0,0,0,0,0,0,0,0,0,16,30,30,30,30,30,30,30,30,30,30,30,30,30
30,30,23,250,170,170,168,169,170,151,150,170,168,169,170,151,150,170,168,169,170,151,150,170,168,169,170,170,251,54,55,0,0,118,119,118,119,0,0,0,0,0,0,0,0,0,0,0,0,0,0,0,0,0,0,0,0,0,0,0,0,0,0,0,0,196,207,0,0,0,0,0,0,0,0,0,0,0,0,0,0,0,54,55,156,167,0,0,0,0,196,207,0,0,0,0,0,0,0,0,0,0,0,156,167,0,0,0,0,0,0,0,0,0,0,0,0,0,16,30,30,30,30,30,30,30,30,30,30,30,30,30
30,30,23,250,170,170,169,168,170,151,150,170,169,168,170,151,150,170,169,168,170,151,150,170,169,168,170,170,251,54,55,0,0,118,119,118,119,0,0,0,0,0,0,0,0,0,0,0,0,0,0,0,0,0,0,0,0,0,0,0,0,0,0,0,0,196,207,0,0,0,0,0,0,0,0,0,0,189,0,0,0,0,54,55,156,167,0,0,0,0,196,207,0,0,0,0,0,0,0,0,0,0,0,156,167,0,0,0,0,0,0,0,0,0,0,0,0,0,16,30,30,30,30,30,30,30,30,30,30,30,30,30
30,30,23,250,170,169,170,170,168,151,150,169,170,170,168,151,150,169,170,170,168,151,150,169,170,170,168,170,251,54,55,0,0,118,119,118,119,0,0,0,0,0,0,0,0,0,0,0,0,0,0,0,0,0,0,0,0,0,0,0,0,0,0,0,0,196,207,0,0,0,0,0,0,0,0,0,0,0,0,0,0,0,54,55,156,167,0,0,0,0,204,199,0,0,0,0,0,0,0,0,0,0,0,156,167,0,0,0,0,0,0,0,0,0,0,0,0,0,16,30,30,30,30,30,30,30,30,30,30,30,30,30
30,30,23,244,212,148,148,148,148,216,214,170,170,170,170,211,214,170,170,170,170,211,218,148,148,148,148,208,245,54,55,0,0,118,119,118,119,0,0,0,0,0,0,0,0,0,0,0,0,0,0,0,0,0,0,0,0,0,0,0,0,0,0,0,0,196,207,0,0,0,0,0,0,0,0,0,0,0,0,0,0,0,40,43,156,167,0,0,0,0,38,39,0,0,0,0,0,0,0,0,0,0,0,156,167,0,0,0,0,0,0,0,0,0,0,0,0,0,16,30,30,30,30,30,30,30,30,30,30,30,30,30
30,30,23,236,209,149,149,149,149,213,232,249,249,249,249,243,242,249,249,249,249,233,209,149,149,149,149,213,237,54,55,0,0,118,119,118,119,0,0,0,0,0,0,0,0,0,0,0,0,0,0,0,0,0,0,0,0,0,0,0,0,0,0,0,0,196,207,0,0,0,0,0,0,0,0,0,0,0,0,0,0,0,54,55,156,167,0,0,0,0,54,55,0,0,0,0,0,0,0,0,0,0,0,156,167,0,0,0,0,0,0,0,0,0,0,0,0,0,16,30,30,30,30,30,30,30,30,30,30,30,30,30
30,30,23,250,170,168,170,170,169,170,251,0,0,0,0,0,0,0,0,0,0,250,170,168,170,170,169,170,251,54,55,0,0,118,119,118,119,0,0,0,0,0,0,0,0,0,0,0,0,0,0,0,0,0,0,0,0,0,0,0,0,0,0,0,0,196,202,197,198,198,197,36,52,52,52,52,52,52,52,52,33,52,50,55,156,167,0,0,0,0,48,51,0,0,0,0,0,0,0,0,0,0,0,156,167,0,0,0,0,0,189,0,0,0,0,0,0,0,16,30,30,30,30,30,30,30,30,30,30,30,30,30
30,30,23,250,170,170,168,169,170,170,251,0,0,0,0,0,0,0,0,0,0,250,170,170,168,169,170,170,251,54,55,0,0,118,119,118,119,0,0,0,0,0,0,0,0,0,0,0,0,0,0,0,0,0,0,0,0,0,0,0,0,0,0,0,0,200,205,206,205,205,206,44,60,60,60,60,60,60,60,60,57,60,60,59,156,167,0,0,0,0,54,55,0,0,0,0,0,0,0,0,0,0,0,156,167,0,0,0,0,0,0,0,0,0,0,0,0,0,16,30,30,30,30,30,30,30,30,30,30,30,30,30
30,30,23,250,170,170,169,168,170,170,251,0,0,0,0,0,0,0,0,0,0,250,170,170,169,168,170,170,251,54,55,0,0,118,119,118,119,0,0,0,0,0,0,0,0,0,0,0,0,0,0,0,0,0,0,0,0,0,0,0,0,0,0,0,0,0,0,0,0,0,0,0,0,0,0,0,0,0,0,0,0,0,0,0,156,167,0,0,0,0,54,55,0,0,0,0,0,0,0,0,0,0,0,156,167,0,0,0,0,0,0,0,0,0,0,0,0,0,16,30,30,30,30,30,30,30,30,30,30,30,30,30
30,30,23,250,170,169,170,170,168,170,251,0,0,0,0,0,0,0,0,0,0,250,170,169,170,170,168,170,251,54,55,0,0,118,119,118,119,0,0,0,0,0,0,0,0,0,0,0,0,0,0,0,0,0,0,189,0,0,0,0,0,0,0,0,0,0,0,0,0,0,0,0,0,0,0,0,0,0,0,0,0,0,0,0,156,167,0,0,0,0,54,55,0,0,0,0,0,0,0,0,0,0,0,156,167,0,0,0,0,0,0,0,0,0,0,0,0,0,9,28,28,28,28,28,28,28,28,28,28,28,28,28
30,30,23,244,212,148,148,148,148,208,245,0,0,0,0,0,0,0,0,0,0,244,212,148,148,148,148,208,245,54,55,0,0,118,119,118,119,0,0,0,0,0,0,0,0,0,0,0,0,0,0,0,0,0,0,0,0,0,0,0,0,0,0,0,0,0,0,0,0,0,0,0,0,0,0,0,0,0,0,0,0,0,0,0,156,167,0,0,0,0,54,55,0,0,0,0,0,0,0,0,0,0,0,156,167,0,96,116,116,97,116,116,116,116,116,116,116,116,116,116,116,116,116,116,116,116,116,116,116,116,116,116
30,30,23,236,209,149,149,149,149,213,237,0,0,0,0,0,0,0,0,0,0,236,209,149,149,149,149,213,237,54,55,0,0,118,119,118,119,0,0,0,0,0,0,0,0,0,0,0,0,0,0,0,0,0,0,0,0,0,0,0,0,0,0,0,0,0,0,0,0,0,0,0,0,0,0,0,0,0,0,0,0,0,0,0,156,167,0,0,0,0,54,55,0,0,0,0,0,0,0,0,0,0,0,102,103,0,118,105,124,121,124,124,124,124,124,124,124,124,124,124,124,124,124,124,124,124,124,124,124,124,124,124
30,30,23,250,170,168,170,170,169,170,251,0,0,0,0,0,0,0,0,0,0,250,170,168,170,170,169,170,251,54,55,0,0,118,119,118,119,0,0,0,0,0,0,0,0,0,0,0,0,0,0,0,0,0,0,0,0,0,0,0,0,0,0,0,0,0,0,0,0,0,0,0,0,0,0,0,0,0,0,0,0,0,0,0,156,167,0,0,0,0,54,55,0,0,0,0,0,0,0,0,0,0,0,112,115,0,112,115,0,0,0,0,0,0,0,0,0,0,0,0,0,0,0,0,0,0,0,0,0,0,0,0
30,30,23,250,170,170,168,169,170,170,251,0,0,0,0,0,0,0,0,0,0,250,170,170,168,169,170,170,251,54,55,0,0,118,119,118,113,116,116,116,116,116,116,116,116,116,116,116,116,116,116,116,116,116,116,116,116,116,101,158,158,158,158,158,158,158,158,158,158,158,158,158,158,158,158,158,158,158,158,158,158,158,158,158,163,167,0,0,0,0,54,55,0,0,0,0,0,0,0,0,0,0,0,118,113,98,114,113,116,97,116,116,116,116,116,116,116,116,116,116,116,116,116,116,116,116,116,116,116,116,116,116
30,30,23,250,170,170,169,168,170,170,251,0,0,0,0,0,0,0,0,0,0,250,170,170,169,168,170,170,251,54,55,0,0,118,119,120,124,124,124,124,124,124,124,124,124,124,124,124,124,124,124,124,124,124,124,124,124,124,109,165,165,165,165,165,165,165,165,165,165,165,165,165,165,165,165,165,165,165,165,165,165,165,165,165,155,167,0,0,0,0,54,55,0,0,0,0,0,0,0,0,0,0,0,120,124,122,124,124,124,121,124,124,124,124,124,124,124,124,124,124,124,124,124,124,124,124,124,124,124,124,124,124
30,30,23,250,170,169,170,170,168,170,251,0,0,0,0,0,0,0,0,0,0,250,170,169,170,170,168,170,251,54,55,0,0,118,119,0,0,0,0,0,0,0,0,0,0,0,0,0,0,0,0,0,0,0,0,0,0,0,0,0,0,0,0,0,0,0,0,0,0,0,0,0,0,0,0,0,0,0,0,0,0,0,0,0,156,167,0,0,0,0,54,49,52,52,52,52,52,52,52,52,52,52,52,52,52,52,52,52,52,52,52,52,52,52,52,52,52,52,52,52,52,52,52,52,52,52,52,52,52,52,52,52
30,30,23,244,212,148,148,148,148,208,245,0,0,0,0,0,0,0,0,0,0,244,212,148,148,148,148,208,245,54,55,0,0,118,119,0,0,0,0,0,0,0,0,0,0,0,0,0,0,0,0,0,0,0,0,0,0,0,0,0,0,0,0,0,0,0,0,0,0,0,0,0,0,0,0,0,0,0,0,0,0,0,0,0,156,167,0,0,0,0,56,60,60,60,60,60,60,60,60,60,60,60,60,60,60,60,60,60,60,60,60,60,60,60,60,60,60,60,60,60,60,60,60,60,60,60,60,60,60,60,60,60
30,30,23,236,209,149,149,149,149,213,237,0,0,0,0,0,0,0,0,0,0,236,209,149,149,149,149,213,237,54,55,0,0,118,119,0,0,0,0,0,0,0,0,0,0,0,0,0,0,0,0,0,0,0,0,0,0,0,0,0,0,0,0,0,0,0,0,0,0,0,0,0,0,0,0,0,0,0,0,0,0,0,0,0,156,167,0,0,0,0,0,0,0,0,0,0,0,0,0,0,0,0,0,0,0,0,0,0,0,0,0,0,0,0,0,0,0,0,1,6,6,6,6,6,6,6,6,6,6,6,6,6
30,30,23,250,170,168,170,170,169,170,251,0,0,0,0,0,0,0,0,0,0,250,170,168,170,170,169,170,251,54,55,0,0,118,119,0,0,0,0,0,0,0,0,0,0,0,0,0,0,0,0,0,0,0,0,0,0,0,0,0,0,0,0,0,0,0,0,0,0,0,0,0,0,0,0,0,0,0,0,0,0,0,0,0,156,167,0,0,0,0,0,0,0,0,0,0,0,0,0,0,0,0,0,0,0,0,0,0,0,0,0,0,0,0,0,0,0,0,16,30,30,30,30,30,30,30,30,30,30,30,30,30
30,30,23,250,170,170,168,169,170,170,251,0,0,0,0,0,0,0,0,0,0,250,170,170,168,169,170,170,251,54,55,0,0,118,119,0,0,0,0,0,0,0,0,0,0,0,0,0,0,0,0,0,0,0,0,0,0,0,0,0,0,0,0,0,0,0,0,0,0,0,0,0,0,0,0,0,0,0,0,0,0,0,0,0,156,167,0,0,0,0,0,0,0,0,0,0,0,0,0,0,0,0,0,0,0,0,0,0,0,0,0,0,0,0,0,0,0,0,16,30,30,30,30,30,30,30,30,30,30,30,30,30
30,30,23,250,170,170,169,168,170,170,251,0,0,0,0,0,0,0,0,0,0,250,170,170,169,168,170,170,251,54,55,0,0,118,119,0,0,0,0,0,0,0,0,0,0,0,0,0,0,0,0,0,0,0,0,0,0,0,0,0,0,0,0,0,0,0,0,0,0,0,0,0,0,0,0,0,0,0,0,0,0,0,0,0,156,167,0,0,0,0,0,0,0,0,0,0,0,0,0,0,0,0,0,0,0,0,0,0,0,0,0,0,0,0,0,0,0,0,16,30,30,30,30,30,30,30,30,30,30,30,30,30
30,30,23,250,170,169,170,170,168,170,251,0,0,0,0,0,0,0,0,0,0,250,170,169,170,170,168,170,251,54,55,0,0,118,119,0,0,0,0,0,0,0,0,0,0,0,0,0,0,0,0,0,0,0,0,0,0,0,0,0,0,0,0,0,0,0,0,0,0,0,0,0,0,0,0,0,0,0,0,0,0,0,0,0,156,167,0,0,0,0,0,0,0,0,0,0,0,0,0,0,0,0,0,0,0,0,0,0,0,0,0,0,0,0,0,0,0,0,16,30,30,30,30,30,30,30,30,30,30,30,30,30
30,30,23,244,212,148,148,148,148,208,245,0,0,0,0,0,0,0,0,0,0,244,212,148,148,148,148,208,245,54,55,0,0,118,119,0,0,0,0,0,0,0,0,0,0,0,0,0,0,0,0,0,0,0,0,0,0,0,0,0,0,0,0,0,0,0,0,0,0,0,0,0,0,0,0,0,0,0,0,0,0,0,0,0,156,167,0,0,0,0,0,0,0,0,0,0,0,0,0,0,0,0,0,0,0,0,0,0,0,0,0,0,0,0,0,0,0,0,16,30,30,30,30,30,30,30,30,30,30,30,30,30
30,30,23,236,209,149,149,149,149,213,237,0,0,0,0,0,0,0,0,0,0,236,209,149,149,149,149,213,237,54,55,0,0,118,119,0,0,0,0,0,0,0,0,0,0,0,0,0,0,0,0,0,0,0,0,0,0,0,0,0,0,0,0,0,0,0,0,0,0,0,0,0,0,0,0,0,0,0,0,0,0,0,0,0,156,167,0,0,0,0,0,0,0,0,0,0,0,0,0,0,0,0,0,0,0,0,0,0,0,0,0,0,0,0,0,0,0,0,16,30,30,30,30,30,30,30,30,30,30,30,30,30
30,30,23,250,170,168,170,170,169,170,251,0,0,0,0,0,0,0,0,0,0,250,170,168,170,170,169,170,251,54,55,0,0,118,119,0,0,0,0,0,0,0,0,0,0,0,0,0,0,0,0,0,0,0,0,0,0,0,0,0,0,0,0,0,0,0,0,0,0,0,0,0,0,0,0,0,0,0,0,0,0,0,0,0,156,167,0,0,0,0,0,0,0,0,0,0,0,0,0,0,0,0,0,0,0,0,0,0,0,0,0,0,0,0,0,0,0,0,16,30,30,30,30,30,30,30,30,30,30,30,30,30
30,30,23,250,170,170,168,169,170,170,251,0,0,0,0,0,0,0,0,0,0,250,170,170,168,169,170,170,251,54,55,0,0,118,119,0,0,0,0,0,0,0,0,0,0,0,0,0,0,0,0,0,0,0,0,0,0,0,0,0,0,0,0,0,0,0,0,0,0,0,0,0,0,0,0,0,0,0,0,0,0,0,0,0,156,167,0,0,0,0,0,0,0,0,0,0,0,0,0,0,0,0,0,0,0,0,0,0,0,0,0,0,0,0,0,0,0,0,16,30,30,30,30,30,30,30,30,30,30,30,30,30
30,30,23,250,170,170,169,168,170,170,251,0,0,0,0,0,0,0,0,0,0,250,170,170,169,168,170,170,251,54,55,0,0,118,119,0,0,0,0,0,0,0,0,0,0,0,0,0,0,0,0,0,0,0,0,0,0,0,0,0,0,0,0,0,0,0,0,0,0,0,0,0,0,0,0,0,0,0,0,0,0,0,0,0,156,167,0,0,0,0,0,0,0,0,0,0,0,0,0,0,0,0,0,0,0,0,0,0,0,0,0,0,0,0,0,0,0,0,16,30,30,30,30,30,30,30,30,30,30,30,30,30
30,30,23,250,170,169,170,170,168,170,251,0,0,0,0,0,0,0,0,0,0,250,170,169,170,170,168,170,251,54,55,0,0,118,119,0,0,0,0,0,0,0,0,0,0,0,0,0,0,0,0,0,0,0,0,0,0,0,0,0,0,0,0,0,0,0,0,0,0,0,0,0,0,0,0,0,0,0,0,0,0,0,0,0,156,167,0,0,0,0,0,0,0,0,0,0,0,0,0,0,0,0,0,0,0,0,0,0,0,0,0,0,0,0,0,0,0,0,16,30,30,30,30,30,30,30,30,30,30,30,30,30
30,30,23,250,212,148,148,148,148,208,251,0,0,0,0,0,0,0,0,0,0,250,212,148,148,148,148,208,251,54,55,0,0,118,119,0,0,0,0,0,0,0,0,0,0,0,0,0,0,0,0,0,0,0,0,0,0,0,0,0,0,0,0,0,0,0,0,0,0,0,0,0,0,0,0,0,0,0,0,0,0,0,0,0,156,167,0,0,0,0,0,0,0,0,0,0,0,0,0,0,0,0,0,0,0,0,0,0,0,0,0,0,0,0,0,0,0,0,16,30,30,30,30,30,30,30,30,30,30,30,30,30
30,30,23,244,0,0,0,0,0,0,245,0,0,0,0,0,0,0,0,0,0,244,0,0,0,0,0,0,245,54,55,0,0,118,119,0,0,0,0,0,0,0,0,0,0,0,0,0,0,0,0,0,0,0,0,0,0,0,0,0,0,0,0,0,0,0,0,0,0,0,0,0,0,0,0,0,0,0,0,0,0,0,0,0,156,167,0,0,0,0,0,0,0,0,0,0,0,0,0,0,0,0,0,0,0,0,0,0,0,0,0,0,0,0,0,0,0,0,16,30,30,30,30,30,30,30,30,30,30,30,30,30
30,30,23,0,0,0,0,0,0,0,0,0,0,0,0,0,0,0,0,0,0,0,0,0,0,0,0,0,0,54,55,0,0,118,119,0,0,0,0,0,0,0,0,0,0,0,0,0,0,0,0,0,0,0,0,0,0,0,0,0,0,0,0,0,0,0,0,0,0,0,0,0,0,0,0,0,0,0,0,0,0,0,0,0,156,167,0,0,0,0,0,0,0,0,0,0,0,0,0,0,0,0,0,0,0,0,0,0,0,0,0,0,0,0,0,0,0,0,16,30,30,30,30,30,30,30,30,30,30,30,30,30
30,30,23,0,0,0,0,0,0,0,0,0,0,0,0,0,0,0,0,0,0,0,0,0,0,0,0,0,0,54,55,0,0,118,119,0,0,0,0,0,0,0,0,0,0,0,0,0,0,0,0,0,0,0,0,0,0,0,0,0,0,0,0,0,0,0,0,0,0,0,0,0,0,0,0,0,0,0,0,0,0,0,0,0,156,167,0,0,0,0,0,0,0,0,0,0,0,0,0,0,0,0,0,0,0,0,0,0,0,0,0,0,0,0,0,0,0,0,16,30,30,30,30,30,30,30,30,30,30,30,30,30
30,30,23,0,0,0,0,0,0,0,0,0,0,0,0,0,0,0,0,0,0,0,0,0,0,0,0,0,0,54,55,0,0,118,119,0,0,0,0,0,0,0,0,0,0,0,0,0,0,0,0,0,0,0,0,0,0,0,0,0,0,0,0,0,0,0,0,0,0,0,0,0,0,0,0,0,0,0,0,0,0,0,0,0,156,167,0,0,0,0,0,0,0,0,0,0,0,0,0,0,0,0,0,0,0,0,0,0,0,0,0,0,0,0,0,0,0,0,16,30,30,30,30,30,30,30,30,30,30,30,30,30
30,30,23,0,0,0,0,0,0,0,0,0,0,0,0,0,0,0,0,0,0,0,0,0,0,0,0,0,0,54,55,0,0,118,119,0,0,0,0,0,0,0,0,0,0,0,0,0,0,0,0,0,0,0,0,0,0,0,0,0,0,0,0,0,0,0,0,0,0,0,0,0,0,0,0,0,0,0,0,0,0,0,0,0,156,167,0,0,0,0,0,0,0,0,0,0,0,0,0,0,0,0,0,0,0,0,0,0,0,0,0,0,0,0,0,0,0,0,16,30,30,30,30,30,30,30,30,30,30,30,30,30
30,30,23,0,0,0,0,0,0,0,0,0,0,0,0,0,0,0,0,0,0,0,0,0,0,0,0,0,0,54,55,0,0,118,119,0,0,0,0,0,0,0,0,0,0,0,0,0,0,0,0,0,0,0,0,0,0,0,0,0,0,0,0,0,0,0,0,0,0,0,0,0,0,0,0,0,0,0,0,0,0,0,0,0,156,167,0,0,0,0,0,0,0,0,0,0,0,0,0,0,0,0,0,0,0,0,0,0,0,0,0,0,0,0,0,0,0,0,16,30,30,30,30,30,30,30,30,30,30,30,30,30
30,30,23,0,0,0,0,0,0,0,0,0,0,0,0,0,0,0,0,0,0,0,0,0,0,0,0,0,0,54,55,0,0,118,119,0,0,0,0,0,0,0,0,0,0,0,0,0,0,0,0,0,0,0,0,0,0,0,0,0,0,0,0,0,0,0,0,0,0,0,0,0,0,0,0,0,0,0,0,0,0,0,0,0,156,167,0,0,0,0,0,0,0,0,0,0,0,0,0,0,0,0,0,0,0,0,0,0,0,0,0,0,0,0,0,0,0,0,16,30,30,30,30,30,30,30,30,30,30,30,30,30
30,30,23,0,0,0,0,0,0,0,0,0,0,0,0,0,0,0,0,0,0,0,0,0,0,0,0,0,0,54,55,0,0,118,119,0,0,0,0,0,0,0,0,0,0,0,0,0,0,0,0,0,0,0,0,0,0,0,0,0,0,0,0,0,0,0,0,0,0,0,0,0,0,0,0,0,0,0,0,0,0,0,0,0,156,167,0,0,0,0,0,0,0,0,0,0,0,0,0,0,0,0,0,0,0,0,0,0,0,0,0,0,0,0,0,0,0,0,16,30,30,30,30,30,30,30,30,30,30,30,30,30
30,30,23,0,0,0,0,0,0,0,0,0,0,0,0,0,0,0,0,0,0,0,0,0,0,0,0,0,0,54,55,0,0,118,119,0,0,0,0,0,0,0,0,0,0,0,0,0,0,0,0,0,0,0,0,0,0,0,0,0,0,0,0,0,0,0,0,0,0,0,0,0,0,0,0,0,0,0,0,0,0,0,0,0,156,167,0,0,0,0,0,0,0,0,0,0,0,0,0,0,0,0,0,0,0,0,0,0,0,0,0,0,0,0,0,0,0,0,16,30,30,30,30,30,30,30,30,30,30,30,30,30
30,30,23,0,0,0,0,0,0,0,0,0,0,0,0,0,0,0,0,0,0,0,0,0,0,0,0,0,0,54,55,0,0,118,119,0,0,0,0,0,0,0,0,0,0,0,0,0,0,0,0,0,0,0,0,0,0,0,0,0,0,0,0,0,0,0,0,0,0,0,0,0,0,0,0,0,0,0,0,0,0,0,0,0,156,167,0,0,0,0,0,0,0,0,0,0,0,0,0,0,0,0,0,0,0,0,0,0,0,0,0,0,0,0,0,0,0,0,16,30,30,30,30,30,30,30,30,30,30,30,30,30
30,30,23,0,0,0,0,0,0,0,0,0,0,0,0,0,0,0,0,0,0,0,0,0,0,0,0,0,0,54,55,0,0,118,119,0,0,0,0,0,0,0,0,0,0,0,0,0,0,0,0,0,0,0,0,0,0,0,0,0,0,0,0,0,0,0,0,0,0,0,0,0,0,0,0,0,0,0,0,0,0,0,0,0,156,167,0,0,0,0,0,0,0,0,0,0,0,0,0,0,0,0,0,0,0,0,0,0,0,0,0,0,0,0,0,0,0,0,16,30,30,30,30,30,30,30,30,30,30,30,30,30
30,30,23,0,0,0,0,0,0,0,0,0,0,0,0,0,0,0,0,0,0,0,0,0,0,0,0,0,0,54,55,0,0,118,119,0,0,0,0,0,0,0,0,0,0,0,0,0,0,0,0,0,0,0,0,0,0,0,0,0,0,0,0,0,0,0,0,0,0,0,0,0,0,0,0,0,0,0,0,0,0,0,0,0,156,167,0,0,0,0,0,0,0,0,0,0,0,0,0,0,0,0,0,0,0,0,0,0,0,0,0,0,0,0,0,0,0,0,9,28,28,28,28,28,28,28,28,28,28,28,28,28
30,30,23,0,0,0,0,0,0,0,0,0,0,0,0,0,0,0,0,0,0,0,0,0,0,0,0,0,0,54,55,0,0,118,119,0,0,0,0,0,0,0,0,0,0,0,0,0,0,0,0,0,0,0,0,0,0,0,0,0,0,0,0,0,0,0,0,0,0,0,0,0,0,0,0,0,0,0,0,0,0,0,0,0,156,162,158,158,158,158,158,158,100,116,116,116,116,116,116,116,116,116,116,116,116,116,116,116,116,116,116,116,116,116,116,116,116,116,116,116,116,116,116,116,116,116,116,116,116,116,116,116
30,30,23,0,0,0,0,0,0,0,0,0,0,0,0,0,0,0,0,0,0,0,0,0,0,0,0,0,0,54,55,0,0,118,119,0,0,0,0,0,0,0,0,0,0,0,0,0,0,0,0,0,0,0,0,0,0,0,0,0,0,0,0,0,0,0,0,0,0,0,0,0,0,0,0,0,0,0,0,0,0,0,0,0,156,154,165,165,165,165,165,165,108,124,124,124,124,124,124,124,124,124,124,124,124,124,124,124,124,124,124,124,124,124,124,124,124,124,124,124,124,124,124,124,124,124,124,124,124,124,124,124
30,30,23,0,0,0,0,0,0,0,0,0,0,0,0,0,0,0,0,0,0,0,0,0,0,0,0,0,0,54,55,0,0,118,119,0,0,0,0,0,0,0,0,0,0,0,0,0,0,0,0,0,0,0,0,0,0,0,0,0,0,0,0,0,0,0,0,0,0,0,0,0,0,0,0,0,0,0,0,0,0,0,0,0,156,167,0,0,0,0,0,0,0,0,0,0,0,0,0,0,0,0,0,0,0,0,0,0,0,0,0,65,70,5,6,6,6,6,6,6,6,6,6,6,6,6,6,6,6,6,6,6
30,30,23,0,0,0,0,0,0,0,0,0,0,0,0,0,0,0,0,0,0,0,0,0,0,0,0,0,0,54,55,0,0,118,119,0,0,0,0,0,0,0,0,0,0,0,0,0,0,0,0,0,0,0,0,0,0,0,0,0,0,0,0,0,0,0,0,0,0,0,0,0,0,0,0,0,0,0,0,0,0,0,0,0,156,167,0,0,0,0,0,0,0,0,0,0,0,0,0,0,0,0,0,0,0,0,0,0,0,0,0,80,94,18,30,30,30,30,30,30,30,30,30,30,30,30,30,30,30,30,30,30
30,30,23,0,0,0,0,0,0,0,0,0,0,0,0,0,0,0,0,0,0,0,0,0,0,0,0,0,0,54,55,0,0,118,119,0,0,0,0,0,0,0,0,0,0,0,0,0,0,0,0,0,0,0,0,0,0,0,0,0,0,0,0,0,0,0,0,0,0,0,0,0,0,0,0,0,0,0,0,0,0,0,0,0,156,167,0,0,0,0,0,0,0,0,0,0,0,0,0,0,0,0,0,0,0,0,0,0,0,0,0,80,94,18,30,30,30,30,30,30,30,30,30,30,30,30,30,30,30,30,30,30
30,30,23,0,0,0,0,0,0,0,0,0,0,0,0,0,0,0,0,0,0,0,0,0,0,0,0,0,0,54,55,0,0,118,119,0,0,0,0,0,0,0,0,0,0,0,0,0,0,0,0,0,0,0,0,0,0,0,0,0,0,0,0,0,0,0,0,0,0,0,0,0,0,0,0,0,0,0,0,0,0,0,0,0,156,167,0,0,0,0,0,0,0,0,0,0,0,0,0,0,0,0,0,0,0,0,0,0,0,0,0,80,94,18,30,30,30,30,30,30,30,30,30,30,30,30,30,30,30,30,30,30
30,30,23,0,0,0,0,0,0,0,0,0,0,0,0,0,0,0,0,0,0,0,0,0,0,0,0,0,0,54,55,0,0,118,119,0,0,0,0,0,0,0,0,0,0,0,0,0,0,0,0,0,0,0,0,0,0,0,0,0,0,0,0,0,0,0,0,0,0,0,0,0,0,0,0,0,0,0,0,0,0,0,0,0,156,167,0,0,0,0,0,0,0,0,0,0,0,0,0,0,0,0,0,0,0,0,0,0,0,0,0,80,94,18,30,30,30,30,30,30,30,30,30,30,30,30,30,30,30,30,30,30
30,30,23,0,0,0,0,0,0,0,0,0,0,0,0,0,0,0,0,0,0,0,0,0,0,0,0,0,0,54,55,0,0,118,119,0,0,0,0,0,0,0,0,0,0,0,0,0,0,0,0,0,0,0,0,0,0,0,0,0,0,0,0,0,0,0,0,0,0,0,0,0,0,0,0,0,0,0,0,0,0,0,0,0,156,167,0,0,0,0,0,0,0,0,0,0,0,0,0,0,0,0,0,0,0,0,0,0,0,0,0,80,94,18,30,30,30,30,30,30,30,30,30,30,30,30,30,30,30,30,30,30
30,30,23,0,0,0,0,0,0,0,0,0,0,0,0,0,0,0,0,0,0,0,0,0,0,0,0,0,0,54,55,0,0,118,119,0,0,0,0,0,0,0,0,0,0,0,0,0,0,0,0,0,0,0,0,0,0,0,0,0,0,0,0,0,0,0,0,0,0,0,0,0,0,0,0,0,0,0,0,0,0,0,0,0,156,167,0,0,0,0,0,0,0,0,0,0,0,0,0,0,0,0,0,0,0,0,0,0,0,0,0,80,94,18,30,30,30,30,30,30,30,30,30,30,30,30,30,30,30,30,30,30
30,30,23,0,0,0,0,0,0,0,0,0,0,0,0,0,0,0,0,0,0,0,0,0,0,0,0,0,0,54,55,0,0,118,119,0,0,0,0,0,0,0,0,0,0,0,0,0,0,0,0,0,0,0,0,0,0,0,0,0,0,0,0,0,0,0,0,0,0,0,0,0,0,0,0,0,0,0,0,0,0,0,0,0,156,167,0,0,0,0,0,0,0,0,0,0,0,0,0,0,0,0,0,0,0,0,0,0,0,0,0,80,94,18,30,30,30,30,30,30,30,30,30,30,30,30,30,30,30,30,30,30
30,30,23,0,0,0,0,0,0,0,0,0,0,0,0,0,0,0,0,0,0,0,0,0,0,0,0,0,0,54,55,0,0,118,119,0,0,0,0,0,0,0,0,0,0,0,0,0,0,0,0,0,0,0,0,0,0,0,0,0,0,0,0,0,0,0,0,0,0,0,0,0,0,0,0,0,0,0,0,0,0,0,0,0,156,167,0,0,0,0,0,0,0,0,0,0,0,0,0,0,0,0,0,0,0,0,0,0,0,0,0,80,94,18,30,30,30,30,30,30,30,30,30,30,30,30,30,30,30,30,30,30
30,30,23,0,0,0,0,0,0,0,0,0,0,0,0,0,0,0,0,0,0,0,0,0,0,0,0,0,0,54,55,0,0,118,119,0,0,0,0,0,0,0,0,0,0,0,0,0,0,0,0,0,0,0,0,0,0,0,0,0,0,0,0,0,0,0,0,0,0,0,0,0,0,0,0,0,0,0,0,0,0,0,0,0,156,167,0,0,0,0,0,0,0,0,0,0,0,0,0,0,0,0,0,0,0,0,0,0,0,0,0,80,94,18,30,30,30,30,30,30,30,30,30,30,30,30,30,30,30,30,30,30
30,30,23,0,0,0,0,0,0,0,0,0,0,0,0,0,0,0,0,0,0,0,0,0,0,0,0,0,0,54,55,0,0,118,119,0,0,0,0,0,0,0,0,0,0,0,0,0,0,0,0,0,0,0,0,0,0,0,0,0,0,0,0,0,0,0,0,0,0,0,0,0,0,0,0,0,0,0,0,0,0,0,0,0,156,167,0,0,0,0,0,0,0,0,0,0,0,0,0,0,0,0,0,0,0,0,0,0,0,0,0,80,94,18,30,30,30,30,30,30,30,30,30,30,30,30,30,30,30,30,30,30
30,30,23,0,0,0,0,0,0,0,0,0,0,0,0,0,0,0,0,0,0,0,0,0,0,0,0,0,0,54,55,0,0,118,119,0,0,0,0,0,0,0,0,0,0,0,0,0,0,0,0,0,0,0,189,0,0,0,0,0,0,0,0,0,0,0,0,0,0,0,0,0,0,0,0,0,0,0,0,0,0,0,0,0,156,167,0,0,0,0,0,0,0,0,0,0,0,0,0,0,0,0,0,0,0,0,0,0,0,0,0,80,94,18,30,30,30,30,30,30,30,30,30,30,30,30,30,30,30,30,30,30
30,30,23,0,0,0,0,0,0,0,0,0,0,0,0,0,0,0,0,0,0,0,0,0,0,0,0,0,0,54,55,0,0,118,119,0,0,0,0,0,0,0,0,0,0,0,0,0,0,0,0,0,0,0,0,0,0,0,0,0,0,0,0,0,0,0,0,0,0,0,0,0,0,0,0,0,0,0,0,0,0,0,0,0,156,167,0,0,0,0,0,0,0,0,0,0,0,0,0,0,0,0,0,0,0,0,0,0,0,0,0,80,94,18,30,30,30,30,30,30,30,30,30,30,30,30,30,30,30,30,30,30
30,30,23,0,0,0,0,0,0,0,0,0,0,0,0,0,0,0,0,0,0,0,0,0,0,0,0,0,0,54,55,0,0,118,119,0,0,0,0,0,0,0,0,0,0,0,0,0,0,0,0,0,0,0,0,0,0,0,0,0,0,0,0,0,0,0,0,0,0,0,0,0,0,0,0,0,0,0,0,0,0,0,0,0,156,167,0,0,0,0,0,0,0,0,0,0,0,0,0,0,0,0,0,0,0,0,0,0,0,0,0,80,94,18,30,30,30,30,30,30,30,30,30,30,30,30,30,30,30,30,30,30
30,30,23,0,0,0,0,0,0,0,0,0,0,0,0,0,0,0,0,0,0,0,0,0,0,0,0,0,0,54,55,0,0,118,119,0,0,0,0,0,0,0,0,0,0,0,0,0,0,0,0,0,0,0,0,0,0,0,0,0,0,0,0,0,0,0,0,0,0,0,0,0,0,0,0,0,0,0,0,0,0,0,0,0,156,167,0,0,0,0,0,0,0,0,0,0,0,0,0,0,0,0,0,0,0,0,0,0,0,0,0,80,94,18,30,30,30,30,30,30,30,30,30,30,30,30,30,30,30,30,30,30
30,30,23,0,0,0,0,0,0,0,0,0,0,0,0,0,0,0,0,0,0,0,0,0,0,0,0,0,0,54,55,0,0,118,119,0,0,0,0,0,0,0,0,0,0,0,0,0,0,0,0,0,96,116,116,116,116,116,116,116,116,116,116,116,116,116,116,116,116,116,116,116,116,116,116,116,101,158,158,158,158,158,158,158,163,167,0,0,0,0,0,0,0,0,0,0,0,0,0,0,0,0,0,0,0,0,0,0,0,0,0,80,94,18,30,30,30,30,30,30,30,30,30,30,30,30,30,30,30,30,30,30
30,30,23,0,0,0,0,0,0,0,0,0,0,0,0,0,0,0,0,0,0,0,0,0,0,0,0,0,0,54,55,0,0,118,119,0,0,0,0,0,0,0,0,0,0,0,0,0,0,0,0,0,118,105,124,124,124,124,124,124,124,124,124,124,124,124,124,124,124,124,124,124,124,124,124,124,109,165,165,165,165,165,165,165,165,161,0,0,0,0,0,0,0,0,0,0,0,0,0,0,0,0,0,0,0,0,0,0,0,0,0,80,94,18,30,30,30,30,30,30,30,30,30,30,30,30,30,30,30,30,30,30
30,30,23,0,0,0,0,0,0,0,0,0,0,0,0,0,0,0,0,0,0,0,0,0,0,0,0,0,0,54,55,0,0,118,119,0,0,0,0,0,0,0,0,0,0,0,0,0,0,0,0,0,118,119,0,0,0,0,0,0,0,0,0,0,0,0,0,0,0,0,0,0,0,0,0,0,0,0,0,0,0,0,0,0,0,0,0,0,0,0,0,0,0,0,0,0,0,0,0,0,0,0,0,0,0,0,0,0,0,0,0,80,94,18,30,30,30,30,30,30,30,30,30,30,30,30,30,30,30,30,30,30
30,30,23,0,0,0,0,0,0,0,0,0,0,0,0,0,0,0,0,0,0,0,0,0,0,0,0,0,0,54,55,0,0,118,119,0,0,0,0,0,0,0,0,0,0,0,0,0,0,0,0,0,118,119,0,0,0,0,0,0,0,0,0,0,0,0,0,0,0,0,0,0,0,0,0,0,0,0,0,0,0,0,0,0,0,0,0,0,0,0,0,0,0,0,0,0,0,0,0,0,0,0,0,0,0,0,0,0,0,0,0,80,94,18,30,30,30,30,30,30,30,30,30,30,30,30,30,30,30,30,30,30
30,30,23,0,0,0,0,0,0,0,0,0,0,0,0,0,0,0,0,0,0,0,0,0,0,0,0,0,0,54,55,0,0,118,119,0,0,0,0,0,0,0,0,0,0,0,0,0,0,0,0,0,118,119,0,0,0,0,0,0,0,0,0,0,0,0,0,0,0,0,0,0,0,0,0,0,0,0,0,0,0,0,0,0,0,0,0,0,0,0,0,0,0,0,0,0,0,0,0,0,0,0,0,0,0,0,0,0,0,0,0,80,94,82,17,17,17,17,17,17,14,30,30,30,30,30,30,30,30,30,30,30
30,30,23,0,0,0,0,0,0,0,0,0,0,0,0,0,0,0,0,0,0,0,0,0,0,0,0,0,0,54,55,0,0,118,119,0,0,0,0,0,0,0,0,0,0,0,0,0,0,0,0,0,118,119,0,0,0,0,0,0,0,0,0,0,0,0,0,0,0,0,0,0,0,0,0,0,0,0,0,0,0,0,0,0,0,0,0,0,0,0,0,0,0,0,0,0,0,0,0,0,0,0,0,0,0,0,0,0,0,0,0,80,94,94,94,94,94,94,94,94,18,30,30,30,30,30,30,30,30,30,30,30
30,30,23,0,0,0,0,0,0,0,0,0,0,0,0,0,0,0,0,0,0,0,0,0,0,1,6,6,6,6,6,6,6,6,6,6,6,6,2,0,0,0,0,0,0,0,0,0,0,0,0,0,118,119,0,0,0,0,0,0,0,0,0,0,0,0,0,0,0,0,0,0,0,0,0,0,0,0,0,0,0,0,0,0,0,0,0,0,0,0,0,0,0,0,0,0,0,0,0,0,0,0,0,0,0,0,0,0,0,0,0,73,92,92,92,92,92,92,92,92,27,28,28,28,28,28,28,28,28,28,28,28
30,30,23,0,0,0,0,0,0,0,0,0,0,0,0,0,0,0,0,0,0,0,0,0,0,16,30,30,30,30,30,30,30,30,30,30,30,30,23,0,0,0,0,0,0,0,0,0,0,0,0,0,118,119,0,0,0,0,0,0,0,0,0,0,0,0,0,0,0,0,0,0,0,0,0,0,0,0,0,0,0,0,0,0,0,0,0,0,0,0,0,0,0,0,0,0,0,0,0,0,0,0,0,0,0,0,0,0,0,0,0,0,0,0,0,0,0,0,184,0,0,0,0,0,0,0,0,0,0,0,0,0
30,30,23,0,0,0,0,0,0,0,0,0,0,0,0,0,0,0,0,0,0,0,0,0,0,16,30,30,30,30,30,30,30,30,30,30,30,30,23,0,0,0,0,0,0,0,0,0,0,0,0,0,118,119,0,0,0,0,0,0,0,0,0,0,0,0,0,0,0,0,0,0,0,0,0,0,0,0,0,0,0,0,0,0,0,0,0,0,0,0,0,0,0,0,0,0,0,0,0,0,0,0,0,0,0,0,0,0,0,0,0,0,0,0,0,0,0,0,0,0,0,0,0,0,0,0,0,0,0,0,0,0
30,30,23,0,0,0,0,0,0,0,0,0,0,0,0,0,0,0,0,0,0,0,0,0,0,9,28,28,28,28,28,28,28,28,28,28,28,28,10,0,0,0,0,0,0,0,0,0,0,0,0,0,118,119,0,0,0,0,0,0,0,0,0,0,0,0,0,0,0,0,0,0,0,0,0,0,0,0,0,0,0,0,0,0,0,0,0,0,0,0,0,0,0,0,0,0,0,0,0,0,0,0,0,0,0,0,0,0,0,0,0,0,0,0,0,0,0,0,0,0,0,0,0,0,0,0,0,0,0,0,0,0
30,30,23,0,0,0,0,0,0,0,0,0,0,0,0,0,0,0,0,0,0,0,0,0,0,0,196,207,0,0,0,0,181,0,0,0,196,207,0,0,0,0,0,0,0,0,0,0,0,0,0,0,118,119,0,0,0,0,0,0,0,0,0,0,0,0,0,0,0,0,0,0,0,0,0,0,0,0,0,0,0,0,0,0,0,0,0,0,0,0,0,0,0,0,0,0,0,0,0,0,0,0,0,0,0,0,0,0,0,0,0,0,0,0,0,0,0,0,0,0,0,0,0,0,0,0,0,0,0,0,0,0
30,30,23,0,0,0,0,0,0,0,0,0,0,0,0,0,0,0,0,0,0,0,0,0,0,0,196,207,0,0,0,0,0,0,0,0,196,207,0,0,0,0,0,0,0,0,0,0,0,0,0,0,118,119,0,0,0,0,0,0,0,0,0,0,0,0,0,0,0,0,0,0,0,0,0,0,0,0,0,0,0,0,0,0,0,0,0,0,0,0,0,0,0,0,0,0,0,0,0,0,0,0,0,0,0,0,0,0,0,0,0,0,0,0,0,0,0,0,0,0,0,0,0,0,0,0,0,0,0,0,0,0
30,30,23,0,0,0,0,0,0,0,0,0,0,0,0,0,0,0,0,0,0,0,0,0,0,0,196,207,0,0,0,0,0,0,0,0,196,207,0,0,0,0,0,0,0,0,0,0,0,0,0,0,118,119,0,0,0,0,0,0,0,0,0,0,0,0,0,0,0,0,0,0,0,0,0,0,0,0,0,0,0,0,0,0,0,0,0,0,0,0,0,0,0,0,0,0,0,0,0,0,0,0,0,0,0,0,0,0,0,0,0,0,0,0,0,0,0,0,0,0,0,0,0,0,0,0,0,0,0,0,0,0
30,30,23,0,0,0,0,0,0,0,0,0,0,0,0,0,0,0,0,0,0,0,0,0,0,0,196,207,0,0,0,0,0,0,0,0,196,207,0,0,0,0,0,0,0,0,0,0,0,0,0,0,118,119,0,0,0,0,0,0,0,0,0,0,0,0,0,0,0,0,0,0,0,0,0,0,0,0,0,0,0,0,0,0,0,0,0,0,0,0,0,0,0,0,0,0,0,0,0,0,0,0,0,0,0,0,0,0,0,0,0,0,0,0,0,0,0,0,0,0,0,0,0,0,0,0,0,0,0,0,0,0
30,30,23,0,0,0,0,0,0,0,0,0,0,0,0,0,0,0,0,0,0,0,0,0,0,0,196,207,0,0,0,0,0,0,0,0,196,207,0,0,0,0,0,0,0,0,0,0,0,0,0,0,118,119,0,0,0,0,0,0,0,0,0,0,0,0,0,0,0,0,0,0,0,0,0,0,0,0,0,0,0,0,0,0,0,0,0,0,0,0,0,0,0,0,0,0,0,0,0,0,0,0,0,0,0,0,0,0,0,0,0,0,0,0,0,0,0,0,0,0,0,0,0,0,0,0,0,0,0,0,0,0
30,30,23,0,0,0,0,0,0,0,0,0,0,0,0,0,0,0,0,0,0,0,0,0,0,0,196,207,0,0,0,0,0,0,0,0,196,207,0,0,0,0,0,0,0,0,0,0,0,0,0,0,118,119,0,0,0,0,0,0,0,0,0,0,0,0,0,0,0,0,0,0,0,0,0,0,0,0,0,0,0,0,0,0,0,0,0,0,0,0,0,0,0,0,0,0,0,0,0,0,0,0,0,0,0,0,0,0,0,0,0,65,70,70,70,70,70,70,70,70,5,6,6,6,6,6,6,6,6,6,6,6
30,30,23,0,0,0,0,0,0,0,0,0,0,0,0,0,0,0,0,0,0,0,0,0,0,0,196,207,0,0,0,0,0,0,0,0,196,207,0,0,0,0,0,0,0,0,0,0,0,0,0,0,118,119,0,0,0,0,0,0,0,0,0,0,0,0,0,0,0,0,0,0,0,0,0,0,0,0,0,0,0,0,0,0,0,0,0,0,0,0,0,0,0,0,0,0,0,0,0,0,0,0,0,0,0,0,0,0,0,0,0,80,94,94,94,94,94,94,94,94,18,30,30,30,30,30,30,30,30,30,30,30
30,30,23,0,0,0,0,0,0,0,0,0,0,0,0,0,0,0,0,0,0,0,0,0,0,0,196,207,0,0,0,0,0,0,0,0,196,207,0,0,0,0,0,0,0,0,0,0,0,0,0,0,118,119,0,0,0,0,0,0,0,0,0,0,0,0,0,0,0,0,0,0,0,0,0,0,0,0,0,0,0,0,0,0,0,0,0,0,0,0,0,0,0,0,0,0,0,0,0,0,0,0,0,0,0,0,0,0,0,0,0,80,94,90,26,26,26,26,26,26,22,30,30,30,30,30,30,30,30,30,30,30
30,30,23,0,0,0,0,0,0,0,0,0,0,0,0,0,0,0,0,0,0,0,0,0,0,0,196,207,0,0,0,0,0,0,0,0,196,207,0,0,0,0,0,0,0,0,0,0,0,0,0,0,118,119,0,0,0,0,0,0,0,0,0,0,0,0,0,0,0,0,0,0,0,0,0,0,0,0,0,0,0,0,0,0,0,0,0,0,0,0,0,0,0,0,0,0,0,0,0,0,0,0,0,0,0,0,0,0,0,0,0,80,94,18,30,30,30,30,30,30,30,30,30,30,30,30,30,30,30,30,30,30
30,30,23,0,0,0,0,0,0,0,0,0,0,0,0,0,0,0,0,0,0,0,0,0,0,0,196,207,0,0,0,0,0,0,0,0,196,207,0,0,0,0,0,0,0,0,0,0,0,0,0,0,118,119,0,0,0,0,0,0,0,0,0,0,0,0,0,0,0,0,0,0,0,0,0,0,0,0,0,0,0,0,0,0,0,0,0,0,0,0,0,0,0,0,0,0,0,0,0,0,0,0,0,0,0,0,0,0,0,0,0,80,94,18,30,30,30,30,30,30,30,30,30,30,30,30,30,30,30,30,30,30
30,30,11,6,6,6,6,6,6,6,6,6,6,6,6,6,6,6,6,6,6,6,6,6,6,6,6,6,6,6,6,6,6,6,6,6,6,6,6,6,6,6,6,6,6,6,6,6,6,6,6,6,6,6,6,6,6,6,6,6,6,6,6,6,6,6,6,6,6,6,6,6,6,6,6,6,6,6,6,6,6,6,6,6,6,6,7,70,66,0,0,0,0,0,0,0,0,0,0,0,0,0,0,0,0,0,0,0,0,0,0,80,94,18,30,30,30,30,30,30,30,30,30,30,30,30,30,30,30,30,30,30
30,30,30,30,30,30,30,30,30,30,30,30,30,30,30,30,30,30,30,30,30,30,30,30,30,30,30,30,30,30,30,30,30,30,30,30,30,30,30,30,30,30,30,30,30,30,30,30,30,30,30,30,30,30,30,30,30,30,30,30,30,30,30,30,30,30,30,30,30,30,30,30,30,30,30,30,30,30,30,30,30,30,30,30,30,30,25,94,87,0,0,0,0,0,0,0,0,0,0,0,0,0,0,0,0,0,0,0,0,0,0,80,94,18,30,30,30,30,30,30,30,30,30,30,30,30,30,30,30,30,30,30
30,30,30,30,30,30,30,30,30,30,30,30,30,30,30,30,30,30,30,30,30,30,30,30,30,30,30,30,30,30,30,30,30,30,30,30,30,30,30,30,30,30,30,30,30,30,30,30,30,30,30,30,30,30,30,30,30,30,30,30,30,30,30,30,30,30,30,30,30,30,30,30,30,30,30,30,30,30,30,30,30,30,30,30,30,30,25,94,87,0,0,0,0,0,0,0,0,0,0,0,0,0,0,0,0,0,0,0,0,0,0,80,94,18,30,30,30,30,30,30,30,30,30,30,30,30,30,30,30,30,30,30
30,30,30,30,30,30,30,30,30,30,30,30,30,30,30,30,30,30,30,30,30,30,30,30,30,30,30,30,30,30,30,30,30,30,30,30,30,30,30,30,30,30,30,30,30,30,30,30,30,30,30,30,30,30,30,30,30,30,30,30,30,30,30,30,30,30,30,30,30,30,30,30,30,30,30,30,30,30,30,30,30,30,30,30,30,30,25,94,87,0,0,0,0,0,0,0,0,0,0,0,0,0,0,0,0,0,0,0,0,0,0,80,94,18,30,30,30,30,30,30,30,30,30,30,30,30,30,30,30,30,30,30
30,30,30,30,30,30,30,30,30,30,30,30,30,30,30,30,30,30,30,30,30,30,30,30,30,30,30,30,30,30,30,30,30,30,30,30,30,30,30,30,30,30,30,30,30,30,30,30,30,30,30,30,30,30,30,30,30,30,30,30,30,30,30,30,30,30,30,30,30,30,30,30,30,30,30,30,30,30,30,30,30,30,30,30,30,30,25,94,87,0,0,0,0,0,0,0,0,0,0,0,0,0,0,0,0,0,0,0,0,0,0,80,94,18,30,30,30,30,30,30,30,30,30,30,30,30,30,30,30,30,30,30
30,30,30,30,30,30,30,30,30,30,30,30,30,30,30,30,30,30,30,30,30,30,30,30,30,30,30,30,30,30,30,30,30,30,30,30,30,30,30,30,30,30,30,30,30,30,30,30,30,30,30,30,30,30,30,30,30,30,30,30,30,30,30,30,30,30,30,30,30,30,30,30,30,30,30,30,30,30,30,30,30,30,30,30,30,30,25,94,87,0,0,0,0,0,0,0,0,0,0,0,0,0,0,0,0,0,0,0,0,0,0,80,94,18,30,30,30,30,30,30,30,30,30,30,30,30,30,30,30,30,30,30
13,17,17,17,17,17,17,17,17,17,17,17,17,17,17,17,17,17,17,17,17,17,17,17,17,17,17,17,17,17,17,17,17,17,17,17,17,17,17,17,17,17,17,17,17,17,17,17,17,17,17,17,17,17,17,17,17,17,17,17,17,17,17,17,17,17,17,17,17,17,17,17,17,17,17,17,17,17,17,17,17,17,17,17,17,17,81,94,87,0,0,0,0,0,0,0,0,0,0,0,0,0,0,0,0,0,0,0,0,0,0,80,94,18,30,30,30,30,30,30,30,30,30,30,30,30,30,30,30,30,30,30
25,94,94,94,94,94,94,94,94,94,94,94,94,94,94,94,94,94,94,94,94,94,94,94,94,94,94,94,94,94,94,94,94,94,94,94,94,94,94,94,94,94,94,94,94,94,94,94,94,94,94,94,94,94,94,94,94,94,94,94,94,94,94,94,94,94,94,94,94,94,94,94,94,94,94,94,94,94,94,94,94,94,94,94,94,94,94,94,87,0,0,0,0,0,0,0,0,0,0,0,0,0,0,0,0,0,0,0,0,0,0,80,94,18,30,30,30,30,30,30,30,30,30,30,30,30,30,30,30,30,30,30
25,94,67,92,92,92,92,92,92,92,92,92,92,92,92,92,92,92,92,92,92,92,92,92,92,92,92,92,92,92,92,92,92,92,92,92,92,92,92,92,92,92,92,92,92,92,92,92,92,92,92,92,92,92,92,92,92,92,92,92,92,92,92,92,92,92,92,92,92,92,92,92,92,92,92,92,92,92,92,92,92,92,92,92,92,92,92,92,74,0,0,0,0,0,0,0,0,0,0,0,0,0,0,0,0,0,0,0,0,0,0,80,94,18,30,30,30,30,30,30,30,30,30,30,30,30,30,30,30,30,30,30
25,94,87,0,0,0,0,0,0,0,54,55,0,118,119,0,54,55,0,0,0,0,0,0,0,0,0,0,118,119,0,0,0,0,0,0,0,0,0,0,0,0,0,118,119,54,55,0,0,0,0,54,55,0,0,0,0,0,0,0,0,0,0,0,0,0,0,54,55,0,0,0,0,0,0,0,0,0,0,0,0,0,0,0,0,0,0,0,0,0,0,0,0,0,0,0,0,0,0,0,0,0,0,0,0,0,0,0,0,0,0,80,94,18,30,30,30,30,30,30,30,30,30,30,30,30,30,30,30,30,30,30
25,94,87,0,0,0,0,0,0,0,54,55,0,118,119,0,54,55,0,0,0,0,0,0,0,0,0,0,118,119,0,0,0,0,0,0,0,0,0,0,0,0,0,118,119,54,55,0,0,0,0,54,55,0,0,0,0,0,0,0,0,0,0,0,0,0,0,54,55,0,0,0,0,0,0,0,0,0,0,0,0,0,0,0,0,0,0,0,0,0,0,0,0,0,0,0,0,0,0,0,0,0,0,0,0,0,0,0,0,0,0,80,94,18,30,30,30,30,30,30,30,30,30,30,30,30,30,30,30,30,30,30
25,94,87,0,0,0,0,0,0,0,54,55,0,118,119,0,54,55,0,0,0,0,0,0,0,0,0,0,118,119,0,0,0,0,0,0,0,0,0,0,0,0,0,118,119,54,55,0,0,0,0,54,55,0,0,0,0,0,0,0,0,0,0,0,0,0,0,54,55,0,0,0,0,0,0,0,0,0,0,0,0,0,0,0,0,0,0,0,0,0,0,0,0,0,0,0,0,0,0,0,0,0,0,0,0,0,0,0,0,0,0,80,94,18,30,30,30,30,30,30,30,30,30,30,30,30,30,30,30,30,30,30
25,94,87,0,0,0,0,0,0,0,54,55,0,118,119,0,54,55,0,0,0,0,0,0,0,0,0,0,118,119,0,0,0,0,0,0,0,0,0,0,0,0,0,118,119,54,55,0,0,0,0,54,55,0,0,0,0,0,0,0,0,0,0,0,0,0,0,54,55,0,0,0,0,0,0,0,0,0,0,0,0,0,0,0,0,0,0,0,0,0,0,0,0,0,0,0,0,0,0,0,0,0,189,0,0,0,0,0,0,0,0,80,94,18,30,30,30,30,30,30,30,30,30,30,30,30,30,30,30,30,30,30
25,94,87,0,0,0,0,0,0,0,54,55,0,118,119,0,54,55,0,0,0,0,0,0,0,0,0,0,118,119,0,0,0,0,0,0,0,96,116,116,116,116,116,114,119,54,49,52,52,52,52,50,55,0,0,0,0,0,0,0,0,0,0,0,0,0,0,54,55,0,0,0,0,0,0,0,0,0,0,0,0,0,0,0,0,0,0,0,0,0,0,0,0,0,0,0,0,0,0,0,0,0,0,0,0,0,0,0,0,0,0,80,94,18,30,30,30,30,30,30,30,30,30,30,30,30,30,30,30,30,30,30
25,94,87,0,0,0,0,0,0,0,54,55,0,118,119,0,54,55,0,0,0,0,0,0,0,0,0,0,118,119,0,0,0,0,0,0,0,118,105,124,124,124,124,124,123,56,60,60,42,41,60,60,59,0,0,0,0,0,0,0,0,0,0,0,0,0,0,46,47,0,0,0,0,0,0,0,0,0,0,0,0,0,0,0,0,0,0,0,0,0,0,0,0,0,0,0,0,0,0,0,0,0,0,0,0,0,0,0,0,0,0,80,94,18,30,30,30,30,30,30,30,30,30,30,30,30,30,30,30,30,30,30
25,94,87,0,0,0,0,0,0,0,54,55,0,118,119,0,54,55,0,0,0,0,0,0,0,0,0,0,118,119,0,0,0,0,0,0,0,118,119,0,0,0,0,0,0,0,0,0,46,47,0,0,0,0,0,0,0,0,0,0,0,0,0,0,0,0,0,196,207,0,0,0,0,0,0,0,0,0,0,0,0,0,0,65,70,70,70,70,66,0,0,0,0,0,0,0,0,0,0,0,0,0,0,0,0,0,0,0,0,0,0,73,92,27,28,28,28,28,28,28,28,28,28,4,30,30,30,30,30,30,30,30
25,94,87,0,0,0,0,0,0,0,54,55,0,118,119,0,54,55,0,0,0,0,0,0,0,0,0,0,118,119,0,0,0,0,0,0,0,118,119,0,0,0,0,0,0,0,0,0,196,207,0,0,0,0,0,0,0,0,0,0,0,0,0,0,0,0,0,196,202,198,198,198,198,198,198,198,198,198,198,198,198,198,198,80,83,85,94,94,87,158,158,158,158,158,158,100,116,116,116,116,116,116,116,116,116,116,116,116,116,116,116,116,116,116,116,116,116,116,116,116,116,116,116,16,30,30,30,30,30,30,30,30
25,94,87,0,0,0,0,0,0,0,54,55,0,118,119,0,54,55,0,0,0,0,0,0,0,0,0,0,118,119,0,0,0,0,0,0,0,118,119,0,0,0,0,0,0,0,0,0,196,207,0,0,0,0,0,0,0,0,0,0,0,0,0,0,0,0,0,196,194,205,205,205,205,205,205,205,205,205,205,205,205,205,205,80,85,94,94,83,87,165,165,165,165,165,165,108,124,124,124,124,124,124,124,124,124,124,124,124,124,124,124,124,124,124,124,124,124,124,124,124,124,124,124,16,30,30,30,30,30,30,30,30
25,94,87,0,0,0,0,0,0,0,54,55,0,118,119,0,54,55,0,0,0,0,0,0,0,0,0,0,118,119,0,0,0,0,0,0,0,118,119,0,0,0,0,0,0,0,0,0,196,207,0,0,0,0,0,0,0,190,0,0,0,0,0,0,0,0,0,196,207,0,0,0,0,0,0,0,0,0,0,0,0,0,0,80,94,94,83,84,87,0,0,0,0,0,0,0,0,0,0,0,0,0,0,0,0,0,0,0,0,0,0,1,6,6,6,6,6,6,6,6,6,6,6,12,30,30,30,30,30,30,30,30
25,94,87,0,0,0,0,0,0,0,54,55,0,118,119,0,54,55,0,0,0,0,0,0,0,0,0,0,118,119,0,0,0,0,0,0,0,118,119,0,0,0,0,0,0,0,0,0,196,207,0,0,0,0,0,0,0,0,0,0,0,0,0,0,0,0,0,196,207,0,0,0,0,0,0,0,0,0,0,0,0,0,0,80,94,83,84,85,87,158,158,158,158,158,158,100,116,116,116,116,99,0,0,0,0,0,0,0,0,0,0,16,30,30,30,30,30,30,30,30,30,30,30,30,30,30,30,30,30,30,30,30
25,94,87,52,52,52,52,52,52,52,50,55,0,118,119,0,54,55,0,0,0,0,0,0,0,0,0,0,118,119,0,0,0,0,0,0,0,118,119,0,0,0,0,0,0,0,0,0,196,207,0,0,0,0,0,0,0,0,0,0,0,0,0,0,0,0,0,196,207,0,0,0,0,0,0,0,0,0,0,0,0,0,0,80,83,84,85,94,87,165,165,165,165,165,165,108,124,124,124,106,119,0,0,0,0,0,0,0,0,0,0,16,30,30,30,30,30,30,30,30,30,30,30,30,30,30,30,30,30,30,30,30
25,94,87,60,60,60,60,60,60,60,60,59,0,110,111,0,46,47,0,0,0,0,0,0,0,0,0,0,118,119,0,0,0,0,0,0,0,118,119,0,0,0,0,0,0,0,0,0,196,207,0,0,0,0,0,0,0,0,0,0,0,0,0,0,0,0,0,196,207,0,0,0,0,0,0,0,0,0,0,0,0,0,0,73,92,92,92,92,74,0,0,0,0,0,0,0,0,0,0,118,119,0,0,0,0,0,0,0,0,0,0,16,30,30,30,30,30,30,30,30,30,30,30,30,30,30,30,30,30,30,30,30
25,94,87,0,0,0,0,0,0,0,0,0,0,156,167,0,196,207,0,0,0,0,0,0,0,0,0,0,118,119,0,0,0,0,0,0,0,118,119,0,0,0,0,0,0,0,1,7,70,70,70,70,70,70,70,70,70,70,70,70,5,2,0,0,0,0,0,196,207,0,0,0,0,0,0,0,0,0,0,0,0,0,0,0,0,0,196,207,0,0,0,0,0,0,0,0,0,0,0,118,119,0,0,0,0,0,0,0,0,0,0,16,30,30,30,30,30,30,30,30,30,30,30,30,30,30,30,30,30,30,30,30
25,94,87,0,0,0,0,0,0,0,0,0,0,156,167,0,196,207,0,0,0,0,0,0,0,0,0,0,118,119,0,0,0,0,0,0,0,118,119,0,0,0,0,0,0,0,16,25,94,94,94,94,94,94,94,94,94,94,94,94,18,23,198,198,198,198,198,203,207,0,0,0,0,0,0,0,0,0,0,0,0,0,0,0,0,0,196,207,0,0,0,0,0,0,0,0,0,0,0,118,119,0,0,0,0,0,0,0,0,0,0,16,30,30,30,30,30,30,30,30,30,30,30,30,30,30,30,30,30,30,30,30
25,94,87,0,0,0,0,0,0,0,0,0,0,156,167,0,196,207,0,0,0,0,0,0,0,0,0,0,118,113,116,116,116,116,116,116,116,114,119,0,0,0,0,0,0,0,16,21,26,26,26,26,26,26,26,26,26,26,26,26,22,23,205,205,205,205,205,205,201,0,0,0,0,0,0,0,0,0,0,0,0,0,0,0,0,0,196,207,0,0,0,0,0,0,0,0,0,0,0,118,119,0,0,0,0,0,0,0,0,0,0,16,30,30,30,30,30,30,30,30,30,30,30,30,30,30,30,30,30,30,30,30
25,94,87,0,0,0,0,0,0,0,0,0,0,156,167,0,196,207,0,0,0,0,0,0,0,0,0,0,118,105,124,124,124,124,124,124,124,124,123,0,0,0,0,0,0,0,9,28,28,28,28,28,28,28,28,28,28,28,28,28,28,10,0,0,0,0,0,0,0,0,0,0,0,0,0,0,0,0,0,0,0,0,0,0,0,0,196,207,0,0,0,0,0,0,0,0,0,0,0,118,119,0,0,0,0,0,0,0,0,0,0,16,30,30,30,30,30,30,30,30,30,30,30,30,30,30,30,30,30,30,30,30
25,94,87,0,0,0,0,0,0,0,0,0,0,156,167,0,196,207,0,0,0,0,0,0,0,0,0,0,118,119,0,0,0,0,0,0,0,0,0,0,0,0,0,0,0,0,0,0,0,0,196,207,0,0,0,0,0,196,207,0,0,0,0,0,0,0,0,0,0,0,0,0,0,0,0,0,0,0,0,0,0,0,0,0,0,0,196,207,0,0,0,0,0,0,0,0,0,0,0,118,119,0,0,0,0,0,0,0,0,0,0,16,30,30,30,30,30,30,30,30,30,30,30,30,30,30,30,30,30,30,30,30
25,94,87,0,0,0,0,0,0,0,0,0,0,156,167,0,196,207,0,0,0,0,0,0,0,0,0,0,118,119,0,0,0,0,0,0,0,0,0,0,0,0,0,0,0,0,0,0,0,0,196,207,0,0,0,0,0,196,207,0,0,0,0,0,0,0,0,0,0,0,0,0,0,0,0,0,0,0,0,0,0,0,0,0,0,0,196,207,0,0,0,0,0,0,0,0,0,0,0,118,119,0,0,0,0,0,0,0,0,0,0,16,30,30,30,30,30,30,30,30,30,30,30,30,30,30,30,30,30,30,30,30
25,94,87,0,0,0,0,0,0,0,0,0,0,102,103,0,38,39,0,0,0,0,0,0,0,0,0,0,118,119,0,0,0,0,0,0,0,0,0,0,0,0,0,0,0,0,0,0,0,0,196,207,0,0,0,0,0,196,207,0,0,0,0,0,0,0,0,0,0,0,0,0,0,0,0,0,0,0,0,0,0,0,0,0,0,0,196,207,0,0,0,0,0,0,0,0,0,0,0,118,119,0,0,0,0,0,0,0,0,0,0,16,30,30,30,30,30,30,30,30,30,30,30,30,30,30,30,30,30,30,30,30
25,94,87,0,0,0,0,0,0,0,0,0,0,118,119,0,54,55,0,0,0,0,0,0,0,0,0,0,118,119,0,0,0,0,0,0,0,0,0,0,0,0,0,0,0,0,0,0,0,0,196,207,0,0,0,0,0,196,207,0,0,0,0,0,0,0,0,0,0,0,0,0,0,0,0,0,0,0,0,0,0,0,0,0,0,0,196,207,0,0,0,0,0,0,0,0,0,0,0,118,119,0,0,0,0,0,0,0,0,0,0,16,30,30,30,30,30,30,30,30,30,30,30,30,30,30,30,30,30,30,30,30
25,94,87,0,0,0,0,0,0,0,0,0,0,118,119,0,54,55,0,0,0,0,0,0,0,0,0,0,118,119,0,0,0,0,0,0,0,0,0,0,0,0,0,0,0,0,0,0,0,0,196,207,0,0,0,0,0,196,207,0,0,0,0,0,0,0,0,0,0,0,0,0,0,0,0,0,0,0,0,0,0,0,0,0,0,0,196,207,0,0,0,0,0,0,0,0,0,0,0,118,119,0,0,0,0,0,0,0,0,0,0,16,30,30,30,30,30,30,30,30,30,30,30,30,30,30,30,30,30,30,30,30
25,94,87,0,0,0,0,0,0,0,0,0,0,118,119,0,54,55,0,0,0,0,0,0,0,0,0,0,118,119,0,0,0,0,0,0,0,0,0,0,0,0,0,0,0,0,0,0,0,0,196,207,0,0,0,0,0,196,207,0,0,0,0,0,0,0,0,0,0,0,0,0,0,0,0,0,0,0,0,0,0,0,0,0,0,0,196,207,0,0,0,0,0,0,0,0,0,0,0,118,119,0,0,0,0,0,0,0,0,0,0,16,30,30,30,30,30,30,30,30,30,30,30,30,30,30,30,30,30,30,30,30
25,94,87,0,0,0,0,0,0,0,0,0,0,118,119,0,54,55,0,0,0,0,0,0,0,0,0,0,118,119,0,0,0,0,0,0,0,0,0,0,0,0,0,0,0,0,0,0,0,0,196,207,0,0,0,0,0,196,207,0,0,0,0,0,0,0,0,0,0,0,0,0,0,0,0,0,0,0,0,0,0,0,0,0,0,0,196,207,0,0,0,0,0,0,0,0,0,0,0,118,119,0,0,0,0,0,0,0,0,0,0,16,30,30,30,30,30,30,30,30,30,30,30,30,30,30,30,30,30,30,30,30
25,94,87,0,0,0,0,0,0,0,0,0,0,118,119,0,54,55,0,0,0,0,0,0,0,0,0,0,118,119,0,0,0,0,0,0,0,0,0,0,0,0,0,0,0,0,0,0,0,0,196,207,0,0,0,0,0,196,207,0,0,0,0,0,0,0,0,0,0,0,0,0,0,0,0,0,0,0,0,0,0,0,0,0,0,0,196,207,0,0,0,0,0,0,0,0,0,0,0,118,119,0,0,0,0,0,0,0,0,0,0,16,30,30,30,30,30,30,30,30,30,30,30,30,30,30,30,30,30,30,30,30
25,94,87,0,0,0,0,0,0,0,0,0,0,118,119,0,54,55,0,0,0,0,0,0,0,0,0,0,118,119,0,0,0,0,0,0,0,0,0,0,0,0,0,0,0,0,0,0,0,0,196,207,0,0,0,0,0,196,207,0,0,0,0,0,0,0,0,0,0,0,0,0,0,0,0,0,0,0,0,0,0,0,0,0,0,0,196,207,0,0,0,0,0,0,0,0,0,0,0,118,119,0,0,0,0,0,0,0,0,0,0,9,28,28,28,28,28,28,28,28,28,28,28,28,28,28,28,28,28,28,28,28
25,94,87,0,0,0,0,0,0,0,0,0,0,118,119,0,54,55,0,0,0,0,0,0,0,0,0,0,118,119,0,0,0,0,0,0,0,0,0,0,0,0,0,0,0,0,0,0,0,0,196,207,0,0,0,0,0,196,207,0,0,0,0,0,0,0,0,0,0,0,0,0,0,0,0,0,0,0,0,0,0,0,0,0,0,0,196,207,0,0,0,0,0,0,0,0,0,0,0,118,113,116,116,116,116,116,116,116,116,116,116,116,116,116,116,116,116,116,116,116,116,116,116,116,116,116,116,116,116,116,116,116
25,94,87,0,0,0,0,0,0,0,0,0,0,118,119,0,54,55,0,0,0,0,0,0,0,0,0,0,118,119,0,0,0,0,0,0,0,0,0,0,0,0,0,0,0,0,0,0,0,0,196,207,0,0,0,0,0,196,207,0,0,0,0,0,0,0,0,0,0,0,0,0,0,0,0,0,0,0,0,0,0,0,0,0,0,0,196,207,0,0,0,0,0,0,0,0,0,0,0,120,124,124,124,124,124,124,124,124,124,124,124,124,124,124,124,124,124,124,124,124,124,124,124,124,124,124,124,124,124,124,124,124
25,94,87,0,0,0,0,0,0,0,0,0,0,118,119,0,54,55,0,0,0,0,0,0,0,0,0,0,110,111,0,0,0,0,0,0,0,0,0,0,0,0,0,0,0,0,0,0,0,0,196,207,0,0,0,0,0,196,207,0,0,0,0,0,0,0,0,0,0,0,0,0,0,0,0,0,0,0,0,0,0,0,0,0,0,0,196,207,0,0,0,0,0,0,0,0,0,0,0,1,6,6,6,6,6,6,6,6,6,6,6,6,6,6,6,6,6,6,6,6,6,6,6,6,6,6,6,6,6,6,6,6
25,94,87,0,0,0,0,0,0,0,0,0,0,118,119,0,54,55,0,0,0,0,0,0,0,0,0,0,156,167,0,0,0,0,0,0,0,0,0,0,0,0,0,0,0,0,0,0,0,0,196,207,0,0,0,0,0,196,207,0,0,0,0,0,0,0,0,0,0,0,0,0,0,0,0,0,0,0,0,0,0,0,0,0,0,0,196,207,0,0,0,0,0,0,0,0,0,0,0,16,30,30,30,30,30,30,30,30,30,30,30,30,30,30,30,30,30,30,30,30,30,30,30,30,30,30,30,30,30,30,30,30
25,94,87,0,0,0,0,0,0,0,0,0,0,118,119,0,54,55,0,0,0,0,0,0,0,0,0,0,156,167,0,0,0,0,0,0,0,0,0,0,0,0,0,0,0,0,0,0,0,0,196,207,0,0,0,0,0,196,207,0,0,0,0,0,0,0,0,0,0,0,0,0,0,0,0,0,0,0,0,0,0,0,0,0,0,0,196,207,0,0,0,0,0,0,0,0,0,0,0,16,30,30,30,30,30,30,30,30,30,30,30,30,30,30,30,30,30,30,30,30,30,30,30,30,30,30,30,30,30,30,30,30
25,94,87,0,0,0,0,0,0,0,0,0,0,118,119,0,54,55,0,0,0,0,0,0,0,0,0,0,156,167,0,0,0,0,0,0,0,0,0,0,0,0,0,0,0,0,0,0,0,0,196,207,0,0,0,0,0,196,207,0,0,0,0,0,0,0,0,0,0,0,0,0,0,0,0,0,0,0,0,0,0,0,0,0,0,0,196,207,0,0,0,0,0,0,0,0,0,0,0,16,30,30,30,30,30,30,30,30,30,30,30,30,30,30,30,30,30,30,30,30,30,30,30,30,30,30,30,30,30,30,30,30
25,94,87,0,0,0,0,0,0,0,0,0,0,118,119,0,54,55,0,0,0,0,0,0,0,0,0,0,156,167,0,0,0,0,0,0,0,0,0,0,0,0,0,0,0,0,0,0,0,0,196,207,0,0,0,0,0,196,207,0,0,0,0,0,0,0,0,0,0,0,0,0,0,0,0,0,0,0,0,0,0,0,0,0,0,189,196,207,0,0,0,0,0,0,0,0,0,0,0,16,30,30,30,30,30,30,30,30,30,30,30,30,30,30,30,30,30,30,30,30,30,30,30,30,30,30,30,30,30,30,30,30
25,94,87,0,0,0,0,0,0,0,0,0,0,118,119,0,54,55,0,0,0,0,0,0,0,0,0,0,156,167,0,0,0,0,0,0,0,0,0,0,0,0,0,0,0,0,0,0,0,0,196,207,0,0,0,0,0,196,207,0,0,0,0,0,0,0,0,0,0,0,0,0,0,0,0,0,0,0,0,0,0,0,0,0,0,0,196,207,0,0,0,0,0,0,0,0,0,0,0,16,30,30,30,30,30,30,30,30,30,30,30,30,30,30,30,30,30,30,30,30,30,30,30,30,30,30,30,30,30,30,30,30
25,94,87,0,0,0,0,0,0,0,0,0,0,118,119,0,54,55,0,0,0,0,0,0,0,0,0,0,156,167,0,0,0,0,0,0,0,0,0,0,0,0,0,0,0,0,0,0,0,0,196,207,0,0,0,0,0,196,207,0,0,0,0,0,0,0,0,0,0,0,0,0,0,0,0,0,0,0,0,0,0,0,0,0,0,0,196,207,0,0,0,0,0,0,0,0,0,0,0,16,30,30,30,30,30,30,30,30,30,30,30,30,30,30,30,30,30,30,30,30,30,30,30,30,30,30,30,30,30,30,30,30
25,94,87,0,0,0,0,0,0,183,0,0,0,118,119,0,54,55,0,0,0,0,0,0,0,0,0,0,156,167,0,0,0,0,0,0,0,0,0,0,0,0,0,0,0,0,0,0,0,0,196,207,0,0,0,0,0,196,207,0,0,0,0,0,0,0,0,0,0,0,0,0,0,0,0,0,0,0,0,0,0,0,0,0,0,0,196,207,0,0,0,0,0,0,0,0,0,0,0,16,30,30,30,30,30,30,30,30,30,30,30,30,30,30,30,30,30,30,30,30,30,30,30,30,30,30,30,30,30,30,30,30
25,94,87,0,0,0,0,0,1,6,6,6,6,6,6,6,6,6,2,0,0,0,0,0,0,0,0,0,156,167,0,0,0,0,0,0,0,0,0,0,0,0,0,0,0,0,0,0,0,0,196,207,0,0,0,0,0,196,207,0,0,0,0,0,0,0,0,0,0,0,0,0,0,0,0,0,1,6,6,6,6,6,6,6,6,6,6,6,6,6,6,6,6,6,6,6,6,6,6,12,30,30,30,30,30,30,30,30,30,30,30,30,30,30,30,30,30,30,30,30,30,30,30,30,30,30,30,30,30,30,30,30
25,94,87,0,0,0,0,0,16,30,30,30,30,30,30,30,30,30,23,0,0,0,0,0,0,0,0,0,156,167,0,0,0,0,0,0,0,0,0,0,0,0,0,0,0,0,0,0,0,0,196,207,0,0,0,0,0,196,207,0,0,0,0,0,0,0,0,0,0,0,0,0,0,0,0,0,16,30,30,30,30,30,30,30,30,30,30,30,30,30,30,30,30,30,30,30,30,30,30,30,30,30,30,30,30,30,30,30,30,30,30,30,30,30,30,30,30,30,30,30,30,30,30,30,30,30,30,30,30,30,30,30
25,94,87,0,0,0,0,0,16,30,30,30,30,30,30,30,30,30,23,0,0,0,0,0,0,0,0,0,156,167,0,0,0,0,0,0,0,0,0,0,0,0,0,0,0,0,0,0,0,0,196,207,0,0,0,0,0,196,207,0,0,0,0,0,0,0,0,0,0,0,0,0,0,0,0,0,16,30,30,30,30,30,30,30,30,30,30,30,30,30,30,30,30,30,30,30,30,30,30,30,30,30,30,30,30,30,30,30,30,30,30,30,30,30,30,30,30,30,30,30,30,30,30,30,30,30,30,30,30,30,30,30
25,94,87,0,0,0,0,0,16,30,30,30,30,30,30,30,30,30,23,158,158,158,158,158,158,158,158,158,163,167,0,0,0,0,0,0,0,0,0,0,0,0,0,0,0,0,0,0,0,0,196,207,0,0,0,0,0,196,207,0,0,0,0,0,0,0,0,0,0,0,0,0,0,0,0,0,16,30,30,30,30,30,30,30,30,30,30,30,30,30,30,30,30,30,30,30,30,30,30,30,30,30,30,30,30,30,30,30,30,30,30,30,30,30,30,30,30,30,30,30,30,30,30,30,30,30,30,30,30,30,30,30
25,94,87,0,0,0,0,0,16,30,30,30,30,30,30,30,30,30,23,165,165,165,165,165,165,165,165,165,165,161,0,0,0,0,0,0,0,0,0,0,0,0,0,0,0,0,0,0,0,0,196,207,0,0,0,0,0,196,207,0,0,0,0,0,0,0,0,0,0,0,0,0,0,0,0,0,16,30,30,30,30,30,30,30,30,30,30,30,30,30,30,30,30,30,30,30,30,30,30,30,30,30,30,30,30,30,30,30,30,30,30,30,30,30,30,30,30,30,30,30,30,30,30,30,30,30,30,30,30,30,30,30
25,94,87,0,0,0,0,0,16,30,30,30,30,30,30,30,30,30,23,0,0,0,0,0,0,0,0,0,0,0,0,0,0,0,0,0,0,0,0,0,0,0,0,0,0,0,0,0,0,0,196,207,0,0,0,0,0,196,207,0,0,0,0,0,0,0,0,0,0,0,0,0,0,0,0,0,16,30,30,30,30,30,30,30,30,30,30,30,30,30,30,30,30,30,30,30,30,30,30,30,30,30,30,30,30,30,30,30,30,30,30,30,30,30,30,30,30,30,30,30,30,30,30,30,30,30,30,30,30,30,30,30
25,94,87,0,0,0,0,0,16,30,30,30,30,30,30,30,30,30,23,0,0,0,0,0,0,0,0,0,0,0,0,0,0,0,0,0,0,0,0,0,0,0,0,0,0,0,0,0,0,0,196,207,0,0,0,0,0,196,207,0,0,0,0,0,0,0,0,0,0,0,0,0,0,0,0,0,16,30,30,30,30,30,30,30,30,30,30,30,30,30,30,30,30,30,30,30,30,30,30,30,30,30,30,30,30,30,30,30,30,30,30,30,30,30,30,30,30,30,30,30,30,30,30,30,30,30,30,30,30,30,30,30
25,94,87,0,0,0,0,0,9,28,28,28,28,28,28,28,28,28,10,0,0,0,0,0,0,0,0,0,0,0,0,0,0,0,0,0,0,0,0,0,0,0,0,0,0,0,0,0,0,0,196,207,0,0,0,0,0,196,207,0,0,0,0,0,0,0,0,0,0,0,0,0,0,0,0,0,16,30,30,30,30,30,30,3,28,28,28,28,28,28,28,28,28,28,28,28,28,28,28,4,30,30,30,30,30,30,30,30,30,30,30,30,30,30,30,30,30,30,30,30,30,30,30,30,30,30,30,30,30,30,30,30
25,94,87,0,0,0,0,0,0,0,156,167,0,0,0,196,207,0,0,0,0,0,0,0,0,0,0,0,0,0,0,0,0,0,0,0,0,0,0,0,0,0,0,0,0,0,0,0,0,0,196,207,0,0,0,0,0,196,207,0,0,0,0,0,0,0,0,0,0,0,0,0,0,0,0,0,16,30,30,30,30,30,30,23,0,54,55,0,0,0,0,0,0,0,0,0,0,0,0,16,30,30,30,30,30,30,30,30,30,30,30,30,30,30,30,30,30,30,30,30,30,30,30,30,30,30,30,30,30,30,30,30
25,94,87,0,0,0,0,0,0,0,156,167,0,0,0,196,207,0,0,0,0,0,0,0,0,0,0,0,0,0,0,0,0,0,0,0,0,0,0,0,0,0,0,0,0,0,0,0,0,0,196,207,0,0,0,0,0,196,207,0,0,0,0,0,0,0,0,0,0,0,0,0,0,0,0,0,16,30,30,30,30,30,30,23,0,54,55,0,0,0,0,0,0,0,0,0,0,0,0,16,30,30,30,30,30,30,30,30,30,30,30,30,30,30,30,30,30,30,30,30,30,30,30,30,30,30,30,30,30,30,30,30
25,94,87,0,0,0,0,0,0,0,156,167,0,0,0,196,207,0,0,0,0,0,0,0,0,0,0,0,0,0,0,0,0,0,0,0,0,0,0,0,0,0,0,0,0,0,0,0,0,0,196,207,0,0,0,0,0,196,207,0,0,0,0,0,0,0,0,0,0,0,0,0,0,0,0,0,16,30,30,30,30,30,30,23,0,54,55,0,0,0,0,0,0,0,0,0,0,0,0,16,30,30,30,30,30,30,30,30,30,30,30,30,30,30,30,30,30,30,30,30,30,30,30,30,30,30,30,30,30,30,30,30
25,94,87,0,0,0,0,0,0,0,156,167,0,0,0,196,207,0,0,0,0,0,0,0,0,0,0,0,0,0,0,0,0,0,0,0,0,0,0,0,0,0,0,0,0,0,0,0,0,0,196,207,0,0,0,0,0,196,207,0,0,0,0,0,0,0,0,0,0,0,0,0,0,0,0,0,16,30,30,30,30,30,30,23,0,54,55,0,0,0,0,0,0,0,0,0,0,0,0,16,30,30,30,30,30,30,30,30,30,30,30,30,30,30,30,30,30,30,30,30,30,30,30,30,30,30,30,30,30,30,30,30
25,94,87,0,0,0,0,0,0,0,156,167,0,0,0,196,207,0,0,0,0,0,0,0,0,0,0,0,0,0,0,0,0,0,0,0,0,0,0,0,0,0,0,0,0,0,0,0,0,0,196,207,0,0,0,0,0,196,207,0,0,0,0,0,0,0,0,0,0,0,0,0,0,0,0,0,16,30,30,30,30,30,30,23,0,54,55,0,0,0,0,0,0,0,0,0,0,0,0,16,30,30,30,30,30,30,30,30,30,30,30,30,30,30,30,30,30,30,30,30,30,30,30,30,30,30,30,30,30,30,30,30
25,94,87,0,0,0,0,0,0,0,156,167,0,0,0,196,207,0,0,0,0,0,0,0,0,0,0,0,0,0,0,0,0,0,0,0,0,0,0,0,0,0,0,0,0,0,0,0,0,0,196,207,0,0,0,0,0,196,207,0,0,0,0,0,0,0,0,0,0,0,0,0,0,0,0,0,16,30,30,30,30,30,30,23,0,54,49,52,52,52,52,52,52,52,52,52,52,35,0,16,30,30,30,30,30,30,30,30,30,30,30,30,30,30,30,30,30,30,30,30,30,30,30,30,30,30,30,30,30,30,30,30
25,94,87,0,0,0,0,0,0,0,156,167,0,0,0,196,207,0,0,0,0,0,0,0,0,0,0,0,0,0,0,0,0,0,0,0,0,0,0,0,0,0,0,0,0,0,0,0,0,0,196,207,0,0,0,0,0,196,207,0,0,0,0,0,0,0,0,0,0,0,0,0,0,0,0,0,16,30,30,30,30,30,30,23,0,56,60,60,60,60,60,60,60,60,60,60,42,55,0,16,30,30,30,30,30,30,30,30,30,30,30,30,30,30,30,30,30,30,30,30,30,30,30,30,30,30,30,30,30,30,30,30
25,94,87,0,0,0,0,0,0,0,156,167,0,0,0,196,207,0,0,0,0,0,0,0,0,0,0,0,0,0,0,0,0,0,0,0,0,0,0,0,0,0,0,0,0,0,0,0,0,0,196,207,0,0,0,0,0,196,207,0,0,0,0,0,0,0,0,0,0,0,0,0,0,0,0,0,16,30,30,30,30,30,30,23,0,0,0,0,0,0,0,0,0,0,0,0,54,55,0,16,30,30,30,30,30,30,30,30,30,30,30,30,30,30,30,30,30,30,30,30,30,30,30,30,30,30,30,30,30,30,30,30
25,94,87,0,0,0,0,0,0,0,156,167,0,0,0,196,207,0,0,0,0,0,0,0,0,0,0,0,0,0,0,0,0,0,0,0,0,0,0,0,0,0,0,0,0,0,0,0,0,0,196,207,0,0,0,0,0,196,207,0,0,0,0,0,0,0,0,0,0,0,0,0,0,0,0,0,16,30,30,30,30,30,30,23,0,0,0,0,0,0,0,0,0,0,0,0,54,55,0,16,30,30,30,30,30,30,30,30,30,30,30,30,30,30,30,30,30,30,30,30,30,30,30,30,30,30,30,30,30,30,30,30
25,94,87,0,0,0,0,0,0,0,156,167,0,0,0,196,207,0,0,0,0,0,0,0,0,0,0,0,0,0,0,0,0,0,0,0,0,0,0,0,0,0,0,0,0,0,0,0,0,0,196,207,0,0,0,0,0,196,207,0,0,0,0,0,0,0,0,0,0,0,0,0,0,0,0,0,16,30,30,30,30,30,30,23,0,0,0,0,0,0,0,0,0,0,0,0,54,55,0,16,30,30,30,30,30,30,30,30,30,30,30,30,30,30,30,30,30,30,30,30,30,30,30,30,30,30,30,30,30,30,30,30
25,94,87,0,0,0,0,0,0,0,156,167,0,0,0,196,207,0,0,0,0,0,0,0,0,0,0,0,0,0,0,0,0,0,0,0,0,0,0,0,0,0,0,0,0,0,0,0,0,0,196,207,0,0,0,0,0,196,207,0,0,0,0,0,0,0,0,0,0,0,0,0,0,0,0,0,16,30,30,30,30,30,30,23,0,0,0,0,0,0,0,0,0,0,0,0,54,55,0,16,30,30,30,30,30,30,30,30,30,30,30,30,30,30,30,30,30,30,30,30,30,30,30,30,30,30,30,30,30,30,30,30
25,94,87,0,0,0,0,0,0,0,156,167,1,6,6,7,70,70,70,70,70,70,70,70,70,70,70,66,0,0,0,0,0,0,0,0,0,0,0,0,0,0,0,0,0,0,0,0,0,0,196,207,0,0,0,0,0,196,207,0,0,0,0,0,0,0,0,0,0,0,0,0,0,0,0,0,16,30,30,30,30,30,30,23,0,0,0,0,0,0,0,0,0,0,0,0,54,55,0,16,30,30,30,30,30,30,30,30,30,30,30,30,30,30,30,30,30,30,30,30,30,30,30,30,30,30,30,30,30,30,30,30
25,94,87,0,0,0,0,0,0,0,156,167,16,30,30,25,94,94,94,94,94,94,94,94,94,94,94,87,0,0,0,0,0,0,0,0,0,0,0,0,0,0,0,0,0,0,0,0,0,0,196,207,0,0,0,0,1,6,6,6,6,6,6,6,6,6,6,6,6,6,6,6,6,6,6,6,12,30,30,30,30,30,30,11,6,6,6,6,6,6,6,6,6,6,6,6,6,6,6,12,30,30,30,30,30,30,30,30,30,30,30,30,30,30,30,30,30,30,30,30,30,30,30,30,30,30,30,30,30,30,30,30
25,94,87,0,0,0,0,0,0,0,156,167,16,30,30,21,26,26,26,26,26,26,26,26,26,89,94,87,0,0,0,0,0,0,0,0,0,0,0,0,0,0,0,0,0,0,0,0,0,0,196,207,0,0,0,0,16,30,30,30,30,30,30,30,30,30,30,30,30,30,30,30,30,30,30,30,30,30,30,30,30,30,30,30,30,30,30,30,30,30,30,30,30,30,30,30,30,30,30,30,30,30,30,30,30,30,30,30,30,30,30,30,30,30,30,30,30,30,30,30,30,30,30,30,30,30,30,30,30,30,30,30
25,94,87,0,0,0,0,0,0,0,156,167,16,30,30,30,30,30,30,30,30,30,30,30,30,25,94,87,0,0,0,0,0,0,0,0,0,0,0,0,0,0,0,0,0,0,0,0,0,0,196,207,0,0,0,0,16,30,30,30,30,30,30,30,30,30,30,30,30,30,30,30,30,30,30,30,30,30,30,30,30,30,30,30,30,30,30,30,30,30,30,30,30,30,30,30,30,30,30,30,30,30,30,30,30,30,30,30,30,30,30,30,30,30,30,30,30,30,30,30,30,30,30,30,30,30,30,30,30,30,30,30
25,94,87,0,0,0,0,0,0,0,156,167,16,30,30,30,30,30,30,30,30,30,30,30,30,25,94,87,0,0,0,0,0,0,0,0,0,0,0,0,0,0,0,0,0,0,0,0,0,0,196,207,0,0,0,0,16,30,30,30,30,30,30,30,30,30,30,30,30,30,30,30,30,30,30,30,30,30,30,30,30,30,30,30,30,30,30,30,30,30,30,30,30,30,30,30,30,30,30,30,30,30,30,30,30,30,30,30,30,30,30,30,30,30,30,30,30,30,30,30,30,30,30,30,30,30,30,30,30,30,30,30
25,94,87,0,0,0,0,0,0,0,156,167,16,30,30,30,30,30,30,30,30,30,30,30,30,25,94,87,0,0,0,0,0,0,0,0,0,0,0,0,0,0,0,0,0,0,0,0,0,0,196,207,0,0,0,0,16,30,30,30,30,30,30,30,30,30,30,30,30,30,30,30,30,30,30,30,30,30,30,30,30,30,30,30,30,30,30,30,30,30,30,30,30,30,30,30,30,30,30,30,30,30,30,30,30,30,30,30,30,30,30,30,30,30,30,30,30,30,30,30,30,30,30,30,30,30,30,30,30,30,30,30
25,94,87,0,0,0,0,0,0,0,156,167,16,30,30,30,30,30,30,30,30,30,30,30,30,25,94,87,0,0,0,0,0,0,0,0,0,0,0,0,0,0,0,0,0,0,0,0,0,0,196,207,0,0,0,0,16,30,30,30,30,30,30,30,30,30,30,30,30,30,30,30,30,30,30,30,30,30,30,30,30,30,30,30,30,30,30,30,30,30,30,30,30,30,30,30,30,30,30,30,30,30,30,30,30,30,30,30,30,30,30,30,30,30,30,30,30,30,30,30,30,30,30,30,30,30,30,30,30,30,30,30
25,94,87,0,0,0,0,0,0,0,156,167,16,30,30,30,30,30,30,30,30,30,30,30,30,25,94,75,70,70,70,70,70,70,70,70,70,70,70,70,70,70,70,70,70,66,0,0,0,0,196,207,0,0,0,0,16,30,30,30,30,30,30,30,30,30,30,30,30,30,30,30,30,30,30,30,30,30,30,30,30,30,30,30,30,30,30,30,30,30,30,30,30,30,30,30,30,30,30,30,30,30,30,30,30,30,30,30,30,30,30,30,30,30,30,30,30,30,30,30,30,30,30,30,30,30,30,30,30,30,30,30
25,94,87,0,0,0,0,0,0,0,156,167,16,30,30,30,30,30,30,30,30,30,30,30,30,25,94,94,94,94,94,94,94,94,94,94,94,94,94,94,94,94,94,94,94,87,0,0,0,0,196,207,0,0,0,0,16,30,30,30,30,30,30,30,30,30,30,30,30,30,30,30,30,30,30,30,30,30,30,30,30,30,30,30,30,30,30,30,30,30,30,30,30,30,30,30,30,30,30,30,30,30,30,30,30,30,30,30,30,30,30,30,30,30,30,30,30,30,30,30,30,30,30,30,30,30,30,30,30,30,30,30
25,94,87,0,0,0,0,0,0,0,156,167,16,30,30,30,30,30,30,30,30,30,30,30,30,21,26,26,26,26,26,26,26,26,26,26,26,26,26,26,26,26,26,89,94,87,0,0,0,0,196,207,0,0,0,0,16,30,30,30,30,30,30,30,30,30,30,30,30,30,30,30,30,30,30,30,30,30,30,30,30,30,30,30,30,30,30,30,30,30,30,30,30,30,30,30,30,30,30,30,30,30,30,30,30,30,30,30,30,30,30,30,30,30,30,30,30,30,30,30,30,30,30,30,30,30,30,30,30,30,30,30
25,94,87,0,0,0,0,0,0,0,156,167,16,30,30,30,30,30,30,30,30,30,30,30,30,30,30,30,30,30,30,30,30,30,30,30,30,30,30,30,30,30,30,25,94,87,0,0,0,0,196,207,0,0,0,0,16,30,30,30,30,30,30,30,30,30,30,30,30,30,30,30,30,30,30,30,30,30,30,30,30,30,30,30,30,30,30,30,30,30,30,30,30,30,30,30,30,30,30,30,30,30,30,30,30,30,30,30,30,30,30,30,30,30,30,30,30,30,30,30,30,30,30,30,30,30,30,30,30,30,30,30
25,94,87,0,0,0,0,0,0,0,156,167,16,30,30,30,30,30,30,30,30,30,30,30,30,30,30,30,30,30,30,30,30,30,30,30,30,30,30,30,30,30,30,25,94,87,0,0,0,0,196,207,0,0,0,0,16,30,30,30,30,30,30,30,30,30,30,30,30,30,30,30,30,30,30,30,30,30,30,30,30,30,30,30,30,30,30,30,30,30,30,30,30,30,30,30,30,30,30,30,30,30,30,30,30,30,30,30,30,30,30,30,30,30,30,30,30,30,30,30,30,30,30,30,30,30,30,30,30,30,30,30
25,94,87,0,0,0,0,0,0,0,156,167,16,30,30,30,30,30,30,30,30,30,30,30,30,30,30,30,30,30,30,30,30,30,30,30,30,30,30,30,30,30,30,25,94,87,0,0,0,0,196,207,0,0,0,0,16,30,30,30,30,30,30,30,30,30,30,30,30,30,30,30,30,30,30,30,30,30,30,30,30,30,30,30,30,30,30,30,30,30,30,30,30,30,30,30,30,30,30,30,30,30,30,30,30,30,30,30,30,30,30,30,30,30,30,30,30,30,30,30,30,30,30,30,30,30,30,30,30,30,30,30
25,94,87,0,0,0,0,0,0,0,156,167,16,30,30,30,30,30,30,30,30,30,30,30,30,30,30,30,30,30,30,30,30,30,30,30,30,30,30,30,30,30,30,25,94,87,0,0,0,0,196,207,0,0,0,0,16,30,30,30,30,30,30,30,30,30,30,30,30,30,30,30,30,30,30,30,30,30,30,30,30,30,30,30,30,30,30,30,30,30,30,30,30,30,30,30,30,30,30,30,30,30,30,30,30,30,30,30,30,30,30,30,30,30,30,30,30,30,30,30,30,30,30,30,30,30,30,30,30,30,30,30
25,94,87,0,0,0,0,0,0,0,156,167,16,30,30,30,30,30,30,30,30,30,30,30,30,30,30,30,30,30,30,30,30,30,30,30,30,30,30,30,30,30,30,25,94,87,0,0,0,0,196,207,0,0,0,0,16,30,30,30,30,30,30,30,30,30,30,30,30,30,30,30,30,30,30,30,30,30,30,30,30,30,30,30,30,30,30,30,30,30,30,30,30,30,30,30,30,30,30,30,30,30,30,30,30,30,30,30,30,30,30,30,30,30,30,30,30,30,30,30,30,30,30,30,30,30,30,30,30,30,30,30
25,94,87,0,0,0,0,0,0,0,156,167,16,30,30,30,30,30,30,30,30,30,30,30,30,30,30,30,30,30,30,30,30,30,30,30,30,30,30,30,30,30,30,25,94,87,0,0,0,0,196,207,0,0,0,0,16,30,30,30,30,30,30,30,30,30,30,30,30,30,30,30,30,30,30,30,30,30,30,30,30,30,30,30,30,30,30,30,30,30,30,30,30,30,30,30,30,30,30,30,30,30,30,30,30,30,30,30,30,30,30,30,30,30,30,30,30,30,30,30,30,30,30,30,30,30,30,30,30,30,30,30
25,94,87,0,0,0,0,0,0,0,156,167,16,30,30,30,30,30,30,30,30,30,30,30,30,30,30,30,30,30,30,30,30,30,30,30,30,30,30,30,30,30,30,25,94,87,0,0,0,0,196,207,0,0,0,0,16,30,30,30,30,30,30,30,30,30,30,30,30,30,30,30,30,30,30,30,30,30,30,30,30,30,30,30,30,30,30,30,30,30,30,30,30,30,30,30,30,30,30,30,30,30,30,30,30,30,30,30,30,30,30,30,30,30,30,30,30,30,30,30,30,30,30,30,30,30,30,30,30,30,30,30
25,94,87,0,0,0,0,0,0,0,156,167,16,30,30,30,30,30,30,30,30,30,30,30,30,30,30,30,30,30,30,30,30,30,30,30,30,30,30,30,30,30,30,25,94,87,0,0,0,0,196,207,0,0,0,0,16,30,30,30,30,30,30,30,30,30,30,30,30,30,30,30,30,30,30,30,30,30,30,30,30,30,30,30,30,30,30,30,30,30,30,30,30,30,30,30,30,30,30,30,30,30,30,30,30,30,30,30,30,30,30,30,30,30,30,30,30,30,30,30,30,30,30,30,30,30,30,30,30,30,30,30
25,94,75,70,70,70,70,70,5,6,6,6,12,30,30,30,30,30,30,30,30,30,30,30,30,30,30,30,30,30,30,30,30,30,30,30,30,30,30,30,30,30,30,25,94,75,70,5,6,6,6,6,6,6,6,6,12,30,30,30,30,30,30,30,30,30,30,30,30,30,30,30,30,30,30,30,30,30,30,30,30,30,30,30,30,30,30,30,30,30,30,30,30,30,30,30,30,30,30,30,30,30,30,30,30,30,30,30,30,30,30,30,30,30,30,30,30,30,30,30,30,30,30,30,30,30,30,30,30,30,30,30
25,94,94,94,94,94,94,94,18,30,30,30,30,30,30,30,30,30,30,30,30,30,30,30,30,30,30,30,30,30,30,30,30,30,30,30,30,30,30,30,30,30,30,25,94,94,94,30,30,30,30,30,30,30,30,30,30,30,30,30,30,30,30,30,30,30,30,30,30,30,30,30,30,30,30,30,30,30,30,30,30,30,30,30,30,30,30,30,30,30,30,30,30,30,30,30,30,30,30,30,30,30,30,30,30,30,30,30,30,30,30,30,30,30,30,30,30,30,30,30,30,30,30,30,30,30,30,30,30,30,30,30
