8,8,8,8,8,8,8,8,8,8,8,8,8,8,8,8,8,8,8,8,8,8,8,199,199,14,70,71,0,0,0,0,0,70,71,0,0,130,154,157,158,158,158,158,156,155,131,0,0,0,0,0,0,5,319,319,319,319,319,199,199,199,199,205,8,8,8,8,8,8,14,0,0,0,0,0,0,70,71,0,0,38,39,5,319,319,319,319,319,319,319,319,319,319,317,199,199,199,8,8,8,8,8,8,8,8,8,8,14,38,39,0,0,70,71,0,0,0,0,0,0,0,0,0,0
8,8,8,8,8,8,8,8,8,8,8,8,8,8,8,8,8,8,8,8,8,8,8,199,199,14,70,71,0,0,0,0,0,70,71,0,0,124,162,152,152,152,152,152,152,160,125,0,0,0,0,0,0,5,319,319,319,319,319,199,199,205,8,8,8,8,8,8,8,8,14,0,0,0,0,0,0,70,71,0,0,38,39,5,319,319,319,319,319,319,319,319,319,319,319,199,199,199,8,8,8,8,8,8,8,8,8,8,14,38,39,0,0,70,71,0,0,0,0,0,0,0,0,0,0
8,8,8,8,8,8,8,8,8,8,8,8,8,8,8,8,8,8,8,8,8,8,8,199,199,14,70,71,0,0,0,0,0,70,71,0,0,116,161,153,153,153,153,153,153,163,117,0,0,0,0,0,0,5,319,319,319,319,325,199,199,8,8,8,8,8,8,8,8,8,14,0,0,0,0,0,0,70,71,0,0,38,39,5,319,319,319,319,319,319,319,319,319,319,319,199,199,199,8,8,8,8,8,8,8,8,8,8,14,38,39,0,0,70,71,0,0,0,0,0,0,0,0,0,0
8,8,8,8,8,8,8,8,8,8,8,8,8,8,8,8,8,8,8,8,8,8,8,199,199,14,70,71,0,0,0,0,0,70,71,0,0,130,154,156,158,158,158,158,157,155,131,0,0,0,0,0,0,5,319,319,319,325,199,199,200,8,8,8,8,8,8,8,8,8,14,0,0,0,0,0,0,70,71,0,0,38,39,5,319,319,319,319,319,319,319,319,319,319,319,317,199,199,8,8,8,8,8,8,8,8,8,8,14,38,39,0,0,70,71,0,0,0,0,0,0,0,0,0,0
8,8,8,8,8,8,8,8,8,8,8,8,8,8,8,8,8,8,8,8,8,8,8,199,199,14,70,71,0,0,0,0,0,70,71,0,0,130,154,158,156,158,158,157,158,155,131,0,0,0,0,0,0,5,319,319,325,199,199,205,8,8,8,8,8,8,8,8,8,8,14,0,0,0,0,0,0,70,71,0,0,38,39,5,319,319,319,319,319,319,319,319,319,319,319,319,199,199,8,8,8,8,8,8,8,8,8,8,14,38,39,0,0,70,71,0,0,0,0,0,0,0,0,0,0
8,8,8,8,8,8,8,8,8,8,8,8,8,8,8,8,8,8,8,8,8,8,8,199,199,14,70,71,0,0,0,0,0,70,71,0,0,130,154,158,158,156,157,158,158,155,131,0,0,0,0,0,0,5,319,319,199,199,205,8,8,8,8,8,8,8,8,8,8,8,14,0,0,0,0,0,0,70,71,0,0,38,39,5,319,319,319,319,319,319,319,319,319,319,319,319,199,199,8,8,8,8,8,8,8,8,8,8,14,38,39,0,0,70,71,0,0,0,0,0,0,0,0,0,0
8,8,8,8,8,8,8,8,8,8,8,8,8,8,8,8,8,8,8,8,8,8,8,199,199,14,70,71,0,0,0,0,0,70,71,0,0,130,154,158,158,157,156,158,158,155,131,0,0,0,0,0,0,5,319,319,199,199,8,8,8,8,8,8,8,8,8,8,8,8,14,0,0,0,0,0,0,70,71,0,0,38,39,5,319,319,319,319,319,319,319,319,319,319,319,325,199,199,8,8,8,8,8,8,8,8,8,8,14,38,39,0,0,70,71,0,0,0,0,0,0,0,0,0,0
8,8,8,8,8,8,8,8,8,8,8,8,8,8,8,8,8,8,8,8,8,8,8,199,199,14,70,71,0,0,0,0,0,70,71,0,0,130,154,158,157,158,158,156,158,155,131,0,0,0,0,0,0,5,319,319,199,199,8,8,8,8,8,8,8,8,8,8,8,8,14,0,0,0,0,0,0,70,71,0,0,38,39,5,319,319,319,319,319,319,319,319,325,199,199,199,199,205,8,8,8,8,8,8,8,8,8,8,14,38,39,0,0,70,71,0,0,0,0,0,0,0,0,0,0
8,8,8,8,8,8,8,8,8,8,8,8,8,8,8,8,8,8,8,8,8,8,196,199,199,14,70,71,0,0,0,0,0,70,71,0,0,130,154,157,158,158,158,158,156,155,131,0,0,0,0,0,0,5,319,325,199,199,8,8,8,8,8,8,8,8,8,8,8,8,14,0,0,0,0,0,0,70,71,0,0,38,39,5,319,319,319,319,319,319,325,199,199,199,199,199,199,197,8,8,8,8,8,8,8,8,8,8,14,38,39,0,0,70,71,0,0,0,0,0,0,0,0,0,0
8,8,8,8,8,8,8,8,8,8,8,8,8,8,8,8,8,8,8,8,8,8,199,199,199,14,70,71,0,0,0,0,0,70,71,0,0,124,162,152,152,152,152,152,152,160,125,0,0,0,0,0,0,5,325,199,199,199,8,8,8,8,8,8,8,8,8,8,8,196,14,0,0,0,0,0,0,70,71,0,0,38,39,5,319,319,319,319,319,325,199,199,199,199,199,199,199,199,8,8,8,8,8,8,8,8,8,8,14,38,39,0,0,70,71,0,0,0,0,0,0,0,0,0,0
8,8,8,8,8,8,8,8,8,8,8,8,8,8,8,8,8,8,8,8,196,199,199,199,321,14,70,71,0,0,0,0,0,70,71,0,0,116,161,153,153,153,153,153,153,163,117,0,0,0,0,0,0,5,199,199,199,199,8,8,8,8,8,8,8,8,8,8,8,199,14,0,0,0,0,0,0,70,71,0,0,38,39,5,319,319,319,319,319,199,199,199,199,199,199,199,205,8,8,8,8,8,8,8,8,8,8,8,14,38,39,0,0,70,71,0,0,0,0,0,0,0,0,0,0
8,8,8,8,8,8,8,8,8,8,8,8,8,8,8,8,8,8,8,196,199,199,199,199,319,14,70,71,0,0,0,0,0,70,71,0,0,130,154,156,158,158,158,158,157,155,131,0,0,0,0,0,0,5,199,199,199,199,8,8,8,8,8,8,8,8,8,8,8,199,14,0,0,0,0,0,0,70,71,0,0,38,39,5,319,319,319,319,319,199,199,199,199,199,205,8,8,8,8,8,8,8,8,8,8,8,8,8,14,38,39,0,0,70,71,0,0,0,0,0,0,0,0,0,0
8,8,8,8,8,8,8,8,8,8,8,8,8,8,8,8,8,196,199,199,199,199,199,199,319,14,70,71,0,0,0,0,0,70,71,0,0,130,154,158,156,158,158,157,158,155,131,0,0,0,0,0,0,5,199,199,199,199,8,8,8,8,8,8,8,8,8,8,8,199,14,0,0,0,0,0,0,70,71,0,0,38,39,5,319,319,319,319,325,199,199,199,8,8,8,8,8,8,8,8,8,8,8,8,8,8,8,8,14,38,39,0,0,70,71,0,0,0,0,0,0,0,0,0,0
8,8,8,8,8,8,8,8,8,8,8,8,8,8,8,8,8,199,199,199,199,199,199,199,319,14,70,71,0,0,0,0,0,70,71,0,0,130,154,158,158,156,157,158,158,155,131,0,0,0,0,0,0,5,199,199,199,199,8,8,202,203,8,8,8,8,8,8,196,199,14,0,0,0,0,0,0,70,71,0,0,38,39,5,319,319,319,319,199,199,199,199,8,8,8,8,8,8,8,8,8,8,8,8,8,8,8,8,14,38,39,0,0,70,71,0,0,0,0,0,0,0,0,0,0
8,8,8,8,8,8,8,8,8,8,8,8,8,8,8,8,8,199,199,199,199,199,199,199,319,14,70,71,0,0,0,0,0,70,71,0,0,130,154,158,158,157,156,158,158,155,131,0,0,0,0,0,0,5,199,199,199,199,8,8,204,199,8,8,8,8,8,196,199,199,14,0,0,0,0,0,0,70,71,0,0,38,39,5,319,319,319,319,317,199,199,199,197,8,8,8,8,8,8,8,8,8,8,8,8,8,8,8,14,38,39,0,0,70,71,0,0,0,0,0,0,0,0,0,0
8,8,8,8,8,8,8,8,8,8,8,8,8,8,8,8,8,199,199,199,199,199,199,199,319,14,70,71,0,0,0,0,0,70,71,0,0,130,154,158,157,158,158,156,158,155,131,0,0,0,0,0,0,5,199,199,199,199,8,8,8,199,8,8,8,8,8,199,199,199,14,0,0,0,0,0,0,70,71,0,0,38,39,5,319,319,319,319,319,319,199,199,199,8,8,8,8,8,8,8,8,8,8,8,8,8,8,8,14,38,39,0,0,70,71,0,0,0,0,0,0,0,0,0,0
8,8,8,8,8,8,8,8,8,8,8,8,8,8,8,8,8,199,199,199,199,199,199,199,319,14,70,71,0,0,0,0,0,70,71,0,0,130,154,157,158,158,158,158,156,155,131,0,0,0,0,0,0,5,199,199,199,199,8,8,8,199,8,8,8,8,8,199,199,199,14,0,0,0,0,0,0,70,71,0,0,38,39,5,319,319,319,319,319,319,317,199,199,197,8,8,8,8,8,8,8,8,8,8,8,8,8,8,14,38,39,0,0,70,71,0,0,0,0,0,0,0,0,0,0
8,8,8,8,8,8,8,8,8,8,8,8,8,8,8,8,196,199,199,199,199,199,199,199,319,14,70,71,0,0,0,0,0,70,71,0,0,124,162,152,152,152,152,152,152,160,125,0,0,0,0,0,0,5,199,199,199,199,8,8,8,199,197,8,8,8,8,199,199,199,14,0,0,0,0,0,0,70,71,0,0,38,39,5,319,319,319,319,319,319,319,199,199,199,8,8,8,8,8,8,8,8,8,8,8,8,8,8,14,38,39,0,0,70,71,0,0,0,0,0,0,0,0,0,0
8,8,8,8,8,8,8,8,8,8,8,8,8,8,8,196,199,199,199,199,199,199,199,199,319,14,70,71,0,0,0,0,0,70,71,0,0,116,161,153,153,153,153,153,153,163,117,0,0,0,0,0,0,5,199,199,199,205,8,8,8,199,199,8,8,8,8,199,199,199,14,0,0,0,0,0,0,70,71,0,0,38,39,5,319,319,319,319,319,319,319,199,199,199,197,8,8,8,8,8,8,8,8,8,8,8,8,8,14,38,39,0,0,70,71,0,0,0,0,0,0,0,0,0,0
8,8,8,8,8,8,8,8,8,8,8,8,8,8,8,199,199,199,199,199,199,199,199,199,319,14,70,71,0,0,0,0,0,70,71,0,0,130,154,156,158,158,158,158,157,155,131,0,0,0,0,0,0,5,199,199,205,8,8,8,8,199,199,8,8,8,8,199,199,199,14,0,0,0,0,0,0,70,71,0,0,38,39,5,319,319,319,319,325,324,319,199,199,199,199,8,8,8,8,8,8,8,8,8,8,8,8,8,14,38,39,0,0,70,71,0,0,0,0,0,0,0,0,0,0
8,8,8,8,8,8,8,8,8,8,8,8,8,8,196,199,199,199,199,199,199,199,199,316,319,14,70,71,0,0,0,0,0,70,71,0,0,130,154,158,156,158,158,157,158,155,131,0,0,0,0,0,0,5,199,199,8,8,8,8,8,199,199,8,8,8,8,199,199,199,14,0,0,0,0,0,0,70,71,0,0,38,39,5,319,319,319,319,312,199,199,199,199,199,199,8,8,8,8,8,8,8,8,8,8,8,8,8,14,38,39,0,0,70,71,0,0,0,0,0,0,0,0,0,0
8,8,8,8,8,8,8,8,8,8,8,8,8,196,199,199,199,199,199,199,199,199,316,319,319,14,70,71,0,0,0,0,0,70,71,0,0,130,154,158,158,156,157,158,158,155,131,0,0,0,0,0,0,5,199,199,8,8,8,8,8,199,199,8,8,8,8,199,199,199,14,0,0,0,0,0,0,70,71,0,0,38,39,5,319,319,319,319,319,199,199,199,199,199,199,197,8,8,8,8,8,8,8,8,8,8,8,8,14,38,39,0,0,70,71,0,0,0,0,0,0,0,0,0,0
8,8,8,8,8,8,8,8,8,8,196,199,199,199,199,199,199,199,199,199,199,199,319,319,319,14,70,71,0,0,0,0,0,70,71,0,0,130,154,158,158,157,156,158,158,155,131,0,0,0,0,0,0,5,199,205,8,8,8,8,8,199,199,8,8,8,8,199,199,199,14,0,0,0,0,0,0,70,71,0,0,38,39,5,319,319,319,319,319,317,199,199,199,199,199,199,199,197,8,8,8,8,8,8,8,8,8,8,14,38,39,0,0,70,71,0,0,0,0,0,0,0,0,0,0
8,8,8,8,8,8,8,8,8,8,199,199,199,199,199,199,199,199,199,199,199,316,319,319,319,14,70,71,0,0,0,0,0,70,71,0,0,130,154,158,157,158,158,156,158,155,131,0,0,0,0,0,0,5,205,8,8,8,8,8,8,199,199,8,8,8,8,199,199,199,14,0,0,0,0,0,0,70,71,0,0,38,39,5,319,319,319,319,319,319,319,317,199,199,199,199,199,199,197,8,8,8,8,8,8,8,8,8,14,38,39,0,0,70,71,0,0,0,0,0,0,0,0,0,0
8,8,8,8,8,8,8,196,199,199,199,199,199,199,199,199,199,319,319,319,319,319,319,319,319,14,70,71,0,0,0,0,0,70,71,0,0,130,154,157,158,158,158,158,156,155,131,0,0,0,0,0,0,5,8,8,8,8,8,8,8,199,199,197,8,8,8,199,199,199,14,0,0,0,0,0,0,70,71,0,0,38,39,5,319,319,319,319,319,319,319,319,319,317,199,199,199,199,199,8,8,8,8,8,8,8,8,8,14,38,39,0,0,70,71,0,0,0,0,0,0,0,0,0,0
8,8,8,8,8,8,199,199,199,199,199,199,199,199,199,199,199,324,319,319,319,319,319,319,319,14,70,71,0,0,0,0,0,70,71,0,0,124,162,152,152,152,152,152,152,160,125,0,0,0,0,0,0,5,8,8,8,8,8,8,8,199,199,199,8,8,8,199,199,199,14,0,0,0,0,0,0,70,71,0,0,38,39,5,319,319,319,319,319,319,319,319,319,319,317,199,199,199,199,197,8,8,8,8,8,8,8,8,14,38,39,0,0,70,71,0,0,0,0,0,0,0,0,0,0
8,8,8,8,8,8,204,199,199,199,199,199,199,199,199,199,199,199,199,324,319,319,319,319,319,14,70,71,0,0,0,0,0,70,71,0,0,116,161,153,153,153,153,153,153,163,117,0,0,0,0,0,0,5,8,8,8,8,8,8,8,199,199,199,197,8,8,199,199,199,14,0,0,0,0,0,0,70,71,0,0,38,39,5,319,319,319,319,319,319,319,319,319,319,319,319,199,199,199,199,8,8,8,8,8,8,8,8,14,38,39,0,0,70,71,0,0,0,0,0,0,0,0,0,0
8,8,8,8,8,8,8,8,8,204,199,199,199,199,199,199,199,199,199,199,199,319,319,319,319,14,70,71,0,0,0,0,0,70,71,0,0,130,154,156,158,158,158,158,157,155,131,0,0,0,0,0,0,5,8,8,8,8,8,8,8,204,199,199,199,197,196,199,199,199,14,0,0,0,0,0,0,70,71,0,0,38,39,5,319,319,319,319,319,319,319,319,319,319,319,325,199,199,199,199,8,8,8,8,8,8,8,8,14,38,39,0,0,70,71,0,0,0,0,0,0,0,0,0,0
8,8,8,8,8,8,8,8,8,8,8,8,204,199,199,199,199,199,199,199,316,319,319,319,319,14,70,71,0,0,0,0,0,70,71,0,0,130,154,158,156,158,158,157,158,155,131,0,0,0,0,0,0,5,8,8,8,8,8,8,197,201,199,199,199,199,199,199,199,199,14,0,0,0,0,0,0,70,71,0,0,38,39,5,319,319,319,319,319,319,325,199,199,199,199,199,199,199,199,205,8,8,8,8,8,8,8,8,14,38,39,0,0,70,71,0,0,0,0,0,0,0,0,0,0
8,8,8,8,8,8,8,8,8,8,8,8,8,204,199,199,199,199,199,199,319,319,319,319,319,14,70,71,0,0,0,0,0,70,71,0,0,130,154,158,158,156,157,158,158,155,131,0,0,0,0,0,0,5,8,8,8,8,8,8,204,199,199,199,199,199,199,199,199,199,14,0,0,0,0,0,0,70,71,0,0,38,39,5,319,319,319,325,199,199,199,199,199,199,199,199,199,199,199,8,8,8,8,8,8,8,8,8,14,38,39,0,0,70,71,0,0,0,0,0,0,0,0,0,0
8,8,8,8,8,8,8,8,8,8,8,8,8,8,204,199,199,199,199,199,199,324,319,319,319,14,70,71,0,0,0,0,0,70,71,0,0,130,154,158,158,157,156,158,158,155,131,0,0,0,0,0,0,5,8,8,8,8,8,8,8,199,199,199,199,199,199,199,199,199,14,0,0,0,0,0,0,70,71,0,0,38,39,5,319,319,319,199,199,199,199,199,199,199,199,199,199,199,199,8,8,8,8,8,8,8,8,8,14,38,39,0,0,70,71,0,0,0,0,0,0,0,0,0,0
8,8,8,8,8,8,8,8,8,8,8,8,8,8,8,8,199,199,199,199,199,199,319,319,319,14,70,71,0,0,0,0,0,70,71,0,0,130,154,158,157,158,158,156,158,155,131,0,0,0,0,0,0,5,8,8,8,8,8,8,8,199,199,316,319,319,199,199,199,199,14,0,0,0,0,0,0,70,71,0,0,38,39,5,319,319,325,199,199,199,199,199,199,199,199,199,199,199,205,8,8,8,8,8,8,8,8,8,14,38,39,0,0,70,71,0,0,0,0,0,0,0,0,0,0
8,8,8,8,8,8,8,8,8,8,8,8,8,8,8,8,204,199,199,199,199,199,319,319,319,14,70,71,0,0,0,0,0,70,71,0,0,130,154,157,158,158,158,158,156,155,131,0,0,0,0,0,0,5,8,8,8,8,8,8,8,199,199,319,319,319,317,199,199,199,14,0,0,0,0,0,0,70,71,0,0,38,39,5,319,319,199,199,199,199,199,199,205,8,8,8,8,8,8,8,8,8,8,8,8,8,8,8,14,38,39,0,0,70,71,0,0,0,0,0,0,0,0,0,0
8,8,8,8,8,8,8,8,8,8,8,8,8,8,8,8,8,193,199,199,199,199,319,319,319,14,70,71,0,0,0,0,0,70,71,0,0,124,162,152,152,152,152,152,152,160,125,0,0,0,0,0,0,5,8,8,8,8,8,8,8,199,199,319,319,319,319,321,317,199,14,0,0,0,0,0,0,70,71,0,0,38,39,5,319,319,319,317,199,199,199,199,8,8,8,8,8,8,8,8,8,8,8,8,8,8,8,8,14,38,39,0,0,70,71,0,0,0,0,0,0,0,0,0,0
8,8,8,8,8,8,8,8,8,8,8,8,8,8,8,8,8,201,199,199,199,199,319,319,319,14,70,71,0,0,0,0,0,70,71,0,0,116,161,153,153,153,153,153,153,163,117,0,0,0,0,0,0,5,8,8,8,8,8,8,8,199,199,319,319,319,319,319,319,319,14,0,0,0,0,0,0,70,71,0,0,38,39,5,319,319,319,319,319,199,199,199,8,8,8,8,8,8,8,8,8,8,8,8,8,8,8,8,14,38,39,0,0,70,71,0,0,0,0,0,0,0,0,0,0
8,8,8,8,8,8,8,8,8,8,8,8,8,8,8,8,8,199,199,199,199,316,319,319,319,14,70,71,0,0,0,0,0,70,71,0,0,130,154,156,158,158,158,158,157,155,131,0,0,0,0,0,0,5,8,8,8,8,8,8,201,199,199,319,319,319,319,319,319,319,14,0,0,0,0,0,0,70,71,0,0,38,39,5,319,319,319,319,319,317,199,199,8,8,8,8,8,8,8,8,8,8,8,8,8,8,8,8,14,38,39,0,0,70,71,0,0,0,0,0,0,0,0,0,0
8,8,8,8,8,8,8,8,8,8,8,8,8,8,8,8,196,199,199,199,199,319,319,319,319,14,70,71,0,0,0,0,0,70,71,0,0,130,154,158,156,158,158,157,158,155,131,0,0,0,0,0,0,5,8,8,8,8,8,196,199,199,316,319,319,319,319,319,319,319,14,0,0,0,0,0,0,70,71,0,0,38,39,5,319,319,319,319,319,319,199,199,8,8,8,8,8,8,8,8,8,8,8,8,8,8,8,8,14,38,39,0,0,70,71,0,0,0,0,0,0,0,0,0,0
8,8,8,8,8,8,8,8,8,8,8,8,8,8,8,8,199,199,199,199,316,319,319,319,319,14,70,71,0,0,0,0,0,70,71,0,0,130,154,158,158,156,157,158,158,155,131,0,0,0,0,0,0,5,8,8,196,199,199,199,199,199,319,319,319,319,319,319,319,319,14,0,0,0,0,0,0,70,71,0,0,38,39,5,319,319,319,319,319,319,199,199,8,8,8,8,8,8,8,8,8,8,8,8,8,8,8,8,14,38,39,0,0,70,71,0,0,0,0,0,0,0,0,0,0
8,8,8,8,8,8,8,8,8,8,8,8,8,8,8,196,199,199,199,316,319,319,319,319,319,14,70,71,0,0,0,0,0,70,71,0,0,130,154,158,158,157,156,158,158,155,131,0,0,0,0,0,0,5,8,8,199,199,199,199,199,316,319,319,319,319,319,319,319,319,14,0,0,0,0,0,0,70,71,0,0,38,39,5,319,319,319,325,199,199,199,205,8,8,8,8,8,8,8,8,8,8,8,8,8,8,8,8,14,38,39,0,0,70,71,0,0,0,0,0,0,0,0,0,0
8,8,8,8,8,8,8,8,8,8,8,8,8,8,8,199,199,199,199,319,319,319,319,319,319,14,70,71,0,0,0,0,0,70,71,0,0,130,154,158,157,158,158,156,158,155,131,0,0,0,0,0,0,5,8,196,199,199,199,199,316,319,319,319,319,319,319,319,319,319,14,0,0,0,0,0,0,70,71,0,0,38,39,5,319,319,325,199,199,199,199,200,8,8,8,8,8,8,8,8,8,8,8,8,8,8,8,8,14,38,39,0,0,70,71,0,0,0,0,0,0,0,0,0,0
8,8,8,8,8,8,8,8,8,8,8,8,8,8,196,199,199,199,199,319,319,319,319,319,319,14,70,71,0,0,0,0,0,70,71,0,0,130,154,157,158,158,158,158,156,155,131,0,0,0,0,0,0,9,13,13,13,13,13,13,13,13,13,13,13,13,13,13,13,13,10,0,0,0,0,0,0,70,71,0,0,38,39,5,319,319,199,199,199,199,199,197,8,8,8,8,8,8,8,8,8,8,8,8,8,8,8,8,14,38,39,0,0,70,71,0,0,0,0,0,0,0,0,0,0
8,8,8,8,8,8,8,8,8,8,8,8,8,8,199,199,199,199,199,199,324,319,319,319,319,14,70,71,0,0,0,0,0,70,71,0,0,124,162,152,152,152,152,152,152,160,125,0,0,0,0,0,0,0,0,0,0,0,0,0,0,0,0,0,0,0,0,0,0,0,0,0,0,0,0,0,0,70,71,0,0,38,39,5,324,325,199,199,199,199,199,199,199,8,8,8,8,8,8,8,8,8,8,8,8,8,8,8,14,38,39,0,0,70,71,0,0,0,0,0,0,0,0,0,0
8,8,8,8,8,8,8,8,8,8,8,8,8,196,199,199,199,199,199,199,199,319,319,319,319,14,70,71,0,0,0,0,0,70,71,0,0,116,161,153,153,153,153,153,153,163,117,0,0,0,0,0,0,0,0,0,0,0,0,0,0,0,0,0,0,0,0,0,0,0,0,0,0,0,0,0,0,70,71,0,0,38,39,5,199,199,199,199,199,199,199,199,199,8,8,8,8,8,8,8,8,8,8,8,8,8,8,8,14,38,39,0,0,70,71,0,0,0,0,0,0,0,0,0,0
8,8,8,8,8,8,8,8,8,8,8,8,8,201,199,199,199,199,199,199,199,319,319,319,319,14,70,71,0,0,0,0,0,70,71,0,0,130,154,156,158,158,158,158,157,155,131,0,0,0,0,0,0,0,0,0,0,0,0,0,0,0,0,0,0,0,0,0,0,0,0,0,0,0,0,0,0,70,71,0,0,38,39,5,199,199,199,199,199,199,205,8,205,8,8,8,8,8,8,8,8,8,8,8,8,8,8,8,14,38,39,0,0,70,71,0,0,0,0,0,0,0,0,0,0
8,8,8,8,8,8,8,8,8,8,8,8,8,199,199,199,199,199,199,199,199,324,319,319,319,14,70,71,0,0,0,0,0,70,71,0,0,130,154,158,156,158,158,157,158,155,131,0,0,0,0,0,0,0,0,0,0,0,0,0,0,0,0,0,0,0,0,0,0,0,0,0,0,0,0,0,0,70,71,0,0,38,39,5,199,199,199,199,199,205,8,8,8,8,8,8,8,8,8,8,8,8,8,8,8,8,8,8,14,38,39,0,0,70,71,0,0,0,0,0,0,0,0,0,0
8,8,8,8,8,8,8,8,8,8,8,8,8,199,199,199,199,205,8,204,199,199,319,319,319,14,70,71,0,0,0,0,0,70,71,0,0,130,154,158,158,156,157,158,158,155,131,0,0,0,0,0,0,0,0,0,0,142,132,132,132,132,132,132,132,132,143,0,0,0,0,0,0,0,0,0,0,70,71,0,0,38,39,5,199,199,199,199,199,8,8,8,8,8,8,8,8,8,8,8,8,8,8,8,8,8,8,8,14,38,39,0,0,70,71,0,0,0,0,0,0,0,0,0,0
8,8,8,8,8,8,8,8,8,8,8,8,8,199,199,199,199,8,8,8,199,199,199,324,319,14,70,71,0,0,0,0,0,70,71,0,0,130,154,158,158,157,156,158,158,155,131,0,0,0,0,0,0,0,0,0,0,134,161,153,153,153,153,153,153,163,135,0,0,0,0,0,0,0,0,0,0,70,71,0,0,38,39,5,199,199,199,199,199,8,8,8,8,8,8,8,8,8,8,8,8,8,8,8,8,8,8,8,14,38,39,0,0,70,71,0,0,0,0,0,0,0,0,0,0
8,8,8,8,8,8,8,8,8,8,8,8,196,199,199,199,205,8,8,8,204,199,199,319,319,14,70,71,0,0,0,0,0,70,71,0,0,130,154,158,157,158,158,156,158,155,131,0,0,0,0,0,0,0,0,0,0,134,154,156,158,158,158,158,157,155,135,0,0,0,0,0,0,0,0,0,0,70,71,0,0,38,39,5,322,320,199,199,199,8,8,8,8,8,8,8,8,8,8,8,8,8,8,8,8,8,8,8,14,38,39,0,0,70,71,0,0,0,0,0,0,0,0,0,0
8,8,8,8,8,8,8,8,8,8,8,8,199,199,199,199,8,8,8,8,8,199,199,324,319,14,70,71,0,0,0,0,0,70,71,0,0,130,154,157,158,158,158,158,156,155,131,0,0,0,0,0,0,0,0,0,0,134,154,158,156,158,158,157,158,155,135,0,0,0,0,0,0,0,0,0,0,70,71,0,0,38,39,5,319,319,199,199,199,8,8,8,8,8,8,8,8,8,8,8,8,8,8,8,8,8,8,8,14,38,39,0,0,70,71,0,0,0,0,0,0,0,0,0,0
8,8,8,8,8,8,8,8,8,8,8,196,199,199,199,205,8,8,8,8,8,199,205,199,319,14,70,71,0,0,0,0,0,70,71,0,0,124,162,152,152,152,152,152,152,160,125,0,0,0,0,0,0,0,0,0,0,134,154,158,158,156,157,158,158,155,135,0,0,0,0,0,0,0,0,0,0,70,71,0,0,38,39,5,319,319,199,199,205,8,8,8,8,8,8,8,8,8,8,8,8,8,8,8,8,8,8,8,14,38,39,0,0,70,71,0,0,0,0,0,0,0,0,0,0
8,8,8,8,8,8,8,8,8,8,8,199,199,199,199,8,8,8,8,8,8,205,196,199,324,14,70,71,0,0,0,0,0,70,71,0,0,116,161,153,153,153,153,153,153,163,117,0,0,0,0,0,0,0,0,0,0,134,154,158,158,157,156,158,158,155,135,0,0,0,0,0,0,0,0,0,0,70,71,0,0,38,39,5,319,319,199,199,8,8,8,8,8,8,8,8,8,8,8,8,8,8,8,8,8,8,8,8,14,38,39,0,0,70,71,0,0,0,0,0,0,0,0,0,0
8,8,8,8,8,8,8,8,8,8,8,199,199,199,199,8,8,8,8,8,8,196,199,199,199,14,70,71,0,0,0,0,0,70,71,0,0,130,154,156,158,158,158,158,157,155,131,0,0,0,0,0,0,0,0,0,0,134,154,158,157,158,158,156,158,155,135,0,0,0,0,0,0,0,0,0,0,70,71,0,0,38,39,5,319,319,199,199,8,8,8,8,8,8,8,8,8,8,8,8,8,8,8,8,8,8,8,8,14,38,39,0,0,70,71,0,0,0,0,0,0,0,0,0,0
8,8,8,8,8,8,8,8,8,8,8,204,199,199,205,8,8,8,8,8,8,199,199,199,199,14,70,71,0,0,0,0,0,70,71,0,0,130,154,158,156,158,158,157,158,155,131,0,0,0,0,0,0,0,0,0,0,134,154,157,158,158,158,158,156,155,135,0,0,0,0,0,0,0,0,0,0,70,71,0,0,38,39,5,319,325,199,199,8,8,8,8,8,8,8,8,8,8,8,8,8,8,8,8,8,8,8,196,14,38,39,0,0,70,71,0,0,0,0,0,0,0,0,0,0
8,8,8,8,8,8,8,8,8,8,8,8,8,8,8,8,8,8,8,8,8,204,199,199,199,14,70,71,0,0,0,0,0,70,71,0,0,130,154,158,158,156,157,158,158,155,131,0,0,0,0,0,0,0,0,0,0,148,162,152,152,152,152,152,152,160,149,0,0,0,0,0,0,0,0,0,0,70,71,0,0,38,39,5,325,199,199,205,8,8,8,8,8,8,8,8,8,8,8,8,8,8,8,8,8,8,196,199,14,38,39,0,0,70,71,0,0,0,0,0,0,0,0,0,0
8,8,8,8,8,8,8,8,8,8,8,8,8,8,8,8,8,8,8,8,8,204,199,199,199,14,70,71,0,0,0,0,0,70,71,0,0,130,154,158,158,157,156,158,158,167,131,0,0,0,0,0,0,0,0,0,0,140,161,153,153,153,153,153,153,163,117,0,0,0,0,0,0,0,0,0,0,70,71,0,0,38,39,5,199,199,205,8,8,8,8,8,8,8,8,8,8,8,8,8,8,8,8,8,8,196,199,199,14,38,39,0,0,70,71,0,0,0,0,0,0,0,0,0,0
8,8,8,8,8,8,8,8,8,8,8,8,8,8,8,8,8,8,8,8,8,196,199,199,199,14,70,71,0,0,0,0,0,70,71,0,0,130,154,158,157,158,158,156,158,172,131,0,0,0,0,0,0,0,0,0,0,134,154,156,158,158,158,158,157,155,131,0,0,0,0,0,0,0,0,0,0,70,71,0,0,38,39,5,205,8,8,8,8,8,8,8,8,8,8,8,8,8,8,8,8,8,8,8,8,199,199,199,14,38,39,0,0,70,71,0,0,0,0,0,0,0,0,0,0
8,8,8,8,8,8,8,8,8,8,8,8,8,8,8,8,8,8,8,8,196,199,199,199,199,14,70,71,0,0,0,0,0,70,71,0,0,130,154,157,158,158,158,158,156,155,131,0,0,0,0,0,0,0,0,0,0,134,154,158,156,158,158,157,158,155,131,0,0,0,0,0,0,0,0,0,0,70,71,0,0,38,39,5,8,8,8,8,8,8,8,8,8,8,8,8,8,8,8,8,8,8,8,8,196,199,199,199,14,38,39,0,0,70,71,0,0,0,0,0,0,0,0,0,0
8,8,8,8,8,8,8,8,8,8,8,8,8,8,8,8,8,8,8,8,199,199,199,199,199,14,70,71,0,0,0,0,0,70,71,0,0,124,162,152,152,152,152,152,152,160,125,0,0,0,0,0,0,0,0,0,0,134,154,158,158,156,157,158,158,155,131,0,0,0,0,0,0,0,0,0,0,70,71,0,0,38,39,5,8,8,8,8,8,8,8,8,8,8,8,8,8,8,8,202,197,8,8,196,199,199,199,316,14,38,39,0,0,70,71,0,0,0,0,0,0,0,0,0,0
8,8,8,8,8,8,8,8,8,8,8,8,8,8,8,8,8,8,8,8,199,199,199,199,199,14,70,71,0,0,0,0,0,70,71,0,0,116,161,153,153,153,153,153,153,163,117,0,0,0,0,0,0,0,0,0,0,134,154,158,158,157,156,158,158,155,131,0,0,0,0,0,0,0,0,0,0,70,71,0,0,38,39,5,8,8,8,8,8,8,8,8,8,8,8,8,8,8,199,199,199,199,199,199,199,199,316,319,14,38,39,0,0,70,71,0,0,0,0,0,0,0,0,0,0
8,8,8,8,8,8,8,8,8,8,8,8,8,8,8,8,8,8,8,196,199,199,199,199,199,14,70,71,0,0,0,0,0,70,71,0,0,130,154,156,158,158,158,158,157,155,131,0,0,0,0,0,0,0,0,0,0,134,154,158,157,158,158,156,158,155,131,0,0,0,0,0,0,0,0,0,0,70,71,0,0,38,39,5,8,8,8,8,8,8,8,8,8,8,8,8,8,8,8,204,199,199,199,199,199,316,319,319,14,38,39,0,0,70,71,0,0,0,0,0,0,0,0,0,0
8,8,8,8,8,8,8,8,8,8,8,8,8,8,8,8,8,8,8,199,199,199,199,199,199,14,70,71,0,0,0,0,0,70,71,0,0,130,154,158,156,158,158,157,158,155,131,0,0,0,0,0,0,0,0,0,0,134,154,157,158,158,158,158,156,155,131,0,0,0,0,0,0,0,0,0,0,70,71,0,0,38,39,5,8,8,8,8,8,8,8,8,8,8,8,8,8,8,8,8,8,204,199,199,199,199,319,319,14,38,39,0,0,70,71,0,0,0,0,0,0,0,0,0,0
8,8,8,8,8,8,8,8,8,8,8,8,8,8,8,8,8,8,8,199,199,199,199,199,199,14,70,71,0,0,0,0,0,70,71,0,0,130,154,167,158,156,157,158,158,155,131,0,0,0,0,0,0,0,0,0,0,148,162,152,152,152,152,152,152,160,131,0,0,0,0,0,0,0,0,0,0,70,71,0,0,38,39,5,8,8,8,8,8,8,8,8,8,8,8,8,8,8,8,8,8,8,204,199,199,199,319,319,14,38,39,0,0,70,71,0,0,0,0,0,0,0,0,0,0
8,8,8,8,8,8,8,8,8,8,8,8,8,8,8,8,8,8,8,199,199,199,199,199,199,14,70,71,0,0,0,0,0,70,71,0,0,130,0,0,158,157,156,158,158,155,131,0,0,0,0,0,0,0,0,0,0,140,161,153,153,153,153,153,0,167,117,0,0,0,0,0,0,0,0,0,0,70,71,0,0,38,39,5,8,8,8,8,8,8,8,8,8,8,8,8,8,8,8,8,8,8,8,199,199,316,319,319,14,38,39,0,0,70,71,0,0,0,0,0,0,0,0,0,0
8,8,8,8,8,8,8,8,8,8,8,8,8,8,8,8,8,8,196,199,199,199,199,199,199,14,70,71,0,0,0,0,0,70,71,0,0,130,172,175,157,158,158,156,158,155,131,0,0,0,0,0,0,0,0,0,0,134,154,156,158,158,158,158,172,0,131,0,0,0,0,0,0,0,0,0,0,70,71,0,0,38,39,5,8,8,8,8,8,8,8,8,8,8,8,8,8,8,8,8,8,8,8,199,199,319,319,319,14,38,39,0,0,70,71,0,0,0,0,0,0,0,0,0,0
8,8,8,8,8,8,8,8,8,8,8,8,8,8,8,8,8,8,199,199,199,199,199,199,199,14,70,71,0,0,0,0,0,70,71,0,0,130,154,157,158,158,158,158,156,155,131,0,0,0,0,0,0,0,0,0,0,134,154,158,156,158,158,157,158,0,131,0,0,0,0,0,0,0,0,0,0,70,71,0,0,38,39,5,8,8,8,8,8,8,8,8,8,8,8,8,8,8,8,8,8,8,196,199,199,319,319,319,14,38,39,0,0,70,71,0,0,0,0,0,0,0,0,0,0
8,8,8,8,8,8,8,8,8,8,8,8,8,8,8,8,8,8,204,199,199,199,199,199,199,14,70,71,0,0,0,0,0,70,71,0,0,124,162,152,152,152,152,152,152,160,125,0,0,0,0,0,0,0,0,0,0,134,154,158,158,156,157,166,0,0,131,0,0,0,0,0,0,0,0,0,0,70,71,0,0,38,39,5,8,8,8,8,8,8,8,8,8,8,8,8,8,8,8,8,8,8,199,199,199,324,319,319,14,38,39,0,0,70,71,0,0,0,0,0,0,0,0,0,0
8,8,8,8,8,8,8,8,8,8,8,8,8,8,8,8,8,8,8,8,8,8,204,199,199,14,70,71,0,0,0,0,0,70,71,0,0,116,161,153,153,153,153,153,153,163,117,0,0,0,0,0,0,0,0,0,0,134,154,158,158,157,156,170,0,175,131,0,0,0,0,0,0,0,0,0,0,70,71,0,0,38,39,5,8,8,8,8,8,8,8,8,8,8,8,8,8,8,8,8,8,8,204,199,199,199,324,319,14,38,39,0,0,70,71,0,0,0,0,0,0,0,0,0,0
8,8,8,8,8,8,8,8,8,8,8,8,8,8,8,8,8,8,8,8,8,8,8,199,199,14,70,71,0,0,0,0,0,70,71,0,0,130,154,156,158,158,158,158,157,155,131,0,0,0,0,0,0,0,0,0,0,134,154,158,157,158,158,0,0,155,131,0,0,0,0,0,0,0,0,0,0,70,71,0,0,38,39,5,8,8,8,8,8,8,8,8,8,8,8,8,8,8,8,8,8,8,8,199,199,199,199,319,14,38,39,0,0,70,71,0,0,0,0,0,0,0,0,0,0
8,8,8,8,8,8,8,8,8,8,8,8,8,8,8,8,8,8,8,8,8,8,8,199,199,14,70,71,0,0,0,0,0,70,71,0,0,130,154,158,156,158,158,157,158,155,131,0,0,0,0,0,0,0,0,0,0,134,154,157,158,158,158,0,175,155,131,0,0,0,0,0,0,0,0,0,0,70,71,0,0,38,39,5,8,8,8,8,8,8,8,8,8,8,8,8,8,8,8,8,8,8,8,204,199,199,199,324,14,38,39,0,0,70,71,0,0,0,0,0,0,0,0,0,0
8,8,8,8,8,8,8,8,8,8,8,8,8,8,8,8,8,8,8,8,8,8,8,199,199,14,70,71,0,0,0,0,0,70,71,0,0,130,154,158,158,156,157,158,158,155,131,0,0,0,0,0,0,142,132,132,132,145,162,152,152,152,152,152,152,160,120,128,128,128,179,0,0,0,0,0,0,70,71,0,0,38,39,5,8,8,8,8,8,8,8,8,8,8,8,8,8,8,8,8,8,8,8,8,204,199,199,199,14,38,39,0,0,70,71,0,0,0,0,0,0,0,0,0,0
8,8,8,8,8,8,8,8,8,8,8,8,8,8,8,8,8,8,8,8,8,8,8,199,199,14,70,71,0,0,0,0,0,70,71,0,0,130,154,158,158,157,156,158,158,155,131,0,0,0,0,0,0,134,161,153,153,153,153,153,153,153,153,153,153,153,153,153,153,166,135,0,0,0,0,0,0,70,71,0,0,38,39,5,8,8,8,8,8,8,8,8,8,8,8,8,8,8,8,8,8,8,8,8,8,204,199,199,14,38,39,0,0,70,71,0,0,0,0,0,0,0,0,0,0
8,8,8,8,8,8,8,8,8,8,8,8,8,8,8,8,8,8,8,8,8,8,8,204,199,14,70,71,0,0,0,0,0,70,71,0,0,130,154,158,157,158,158,156,158,155,131,0,0,0,0,0,0,134,154,156,158,158,158,158,158,158,158,158,158,158,158,158,157,0,135,0,0,0,0,0,0,70,71,0,0,38,39,5,8,8,8,8,8,8,8,8,8,8,8,8,8,8,8,8,8,8,8,8,8,8,199,199,14,38,39,0,0,70,71,0,0,0,0,0,0,0,0,0,0
8,8,8,8,8,8,8,8,8,8,8,8,8,8,8,8,8,8,8,8,8,8,8,8,204,14,70,71,0,0,0,0,0,70,71,0,0,130,154,157,158,158,158,158,156,155,131,0,0,0,0,0,0,134,154,158,156,158,158,158,158,158,158,158,158,158,158,157,166,0,135,0,0,0,0,0,0,70,71,0,0,38,39,5,8,8,196,199,8,8,8,8,8,8,8,8,8,8,8,8,8,8,8,8,8,8,199,199,14,38,39,0,0,70,71,0,0,0,0,0,0,0,0,0,0
8,8,8,8,8,8,8,8,8,8,8,8,8,8,8,8,8,8,8,8,8,8,8,8,8,14,70,71,0,0,0,0,0,70,71,0,0,124,162,152,152,152,152,152,152,160,125,0,0,0,0,0,0,134,154,158,158,156,158,158,158,158,158,158,158,158,157,158,0,0,135,0,0,0,0,0,0,70,71,0,0,38,39,5,8,8,199,199,8,8,8,8,8,8,8,8,8,8,8,8,8,8,8,8,8,8,204,199,14,38,39,0,0,70,71,0,0,0,0,0,0,0,0,0,0
8,8,8,8,8,8,8,8,8,8,8,8,8,8,8,8,8,8,8,8,8,8,8,8,8,14,70,71,0,0,0,0,0,70,71,0,0,116,161,153,153,153,153,153,153,163,117,0,0,0,0,0,0,134,154,158,158,158,156,158,158,158,158,158,158,157,158,158,0,0,135,0,0,0,0,0,0,70,71,0,0,38,39,5,8,8,199,199,8,8,8,8,8,8,8,8,8,8,8,8,8,8,8,8,8,8,8,199,14,38,39,0,0,70,71,0,0,0,0,0,0,0,0,0,0
8,8,8,8,8,8,8,8,8,8,8,8,8,8,8,8,8,8,8,8,8,8,8,8,8,14,70,71,0,0,0,0,0,70,71,0,0,130,154,156,158,158,158,158,157,155,131,0,0,0,0,0,0,134,154,158,158,158,158,156,158,158,158,158,157,158,158,158,166,0,135,0,0,0,0,0,0,70,71,0,0,38,39,5,8,8,199,205,8,8,8,8,8,8,8,8,8,8,8,8,8,8,8,8,8,8,8,199,14,38,39,0,0,70,71,0,0,0,0,0,0,0,0,0,0
8,8,8,8,8,8,8,8,8,8,8,8,8,8,8,8,8,8,8,8,8,8,8,8,8,14,70,71,0,0,0,0,0,70,71,0,0,130,154,158,156,158,158,157,158,155,131,0,0,0,0,0,0,134,154,158,158,158,158,158,156,158,158,157,158,158,158,158,158,0,135,0,0,0,0,0,0,70,71,0,0,38,39,5,8,196,199,197,8,8,8,8,8,8,8,8,8,8,8,8,8,8,8,8,8,8,8,199,14,38,39,0,0,70,71,0,0,0,0,0,0,0,0,0,0
8,8,8,8,8,8,8,8,8,8,8,8,8,8,8,8,8,8,8,8,8,8,8,8,8,14,70,71,0,0,0,0,0,70,71,0,0,130,154,158,158,156,157,158,158,155,131,0,0,0,0,0,0,134,154,158,158,158,158,158,158,156,157,158,158,158,158,158,174,0,135,0,0,0,0,0,0,70,71,0,0,38,39,5,8,199,199,199,8,8,8,8,8,8,8,8,8,8,8,8,8,8,8,8,8,8,8,204,14,38,39,0,0,70,71,0,0,0,0,0,0,0,0,0,0
8,8,8,8,8,8,8,8,8,8,8,8,8,8,8,8,8,8,8,8,8,8,8,8,8,14,70,71,0,0,0,0,0,70,71,0,0,130,154,158,158,157,156,158,158,155,131,0,0,0,0,0,0,134,154,158,158,158,158,158,158,157,156,158,158,158,158,158,0,0,135,0,0,0,0,0,0,70,71,0,0,38,39,5,196,199,320,199,8,8,8,8,8,8,8,8,8,8,8,8,8,8,8,8,8,8,8,8,14,38,39,0,0,70,71,0,0,0,0,0,0,0,0,0,0
8,8,8,8,8,8,8,8,8,8,8,8,8,8,8,8,8,8,8,8,8,8,8,8,8,14,70,71,0,0,0,0,0,70,71,0,0,130,154,158,157,158,158,156,158,155,131,0,0,0,0,0,0,134,154,158,158,158,158,158,157,158,158,156,158,158,158,158,0,0,135,0,0,0,0,0,0,70,71,0,0,38,39,5,199,316,319,199,8,8,8,8,8,8,8,8,8,8,8,8,8,8,8,8,8,8,8,8,14,38,39,0,0,70,71,0,0,0,0,0,0,0,0,0,0
8,8,8,8,8,8,8,8,8,8,8,8,8,8,8,8,8,8,8,8,8,8,8,8,8,14,70,71,0,0,0,0,0,70,71,0,0,130,154,157,158,158,158,158,156,155,131,0,0,0,0,0,0,134,154,158,158,158,158,157,158,158,158,158,156,158,158,174,0,0,135,0,0,0,0,0,0,70,71,0,0,38,39,5,316,319,319,199,8,8,8,8,8,8,8,8,8,8,8,8,8,8,8,8,8,8,8,8,14,38,39,0,0,70,71,0,0,0,0,0,0,0,0,0,0
8,8,8,8,8,8,8,8,8,8,8,8,8,8,8,8,8,8,8,8,8,8,8,8,8,14,70,71,0,0,0,0,0,70,71,0,0,124,162,152,152,152,152,152,152,160,125,0,0,0,0,0,0,134,154,158,158,158,157,158,158,158,158,158,158,156,158,158,0,0,135,0,0,0,0,0,0,70,71,0,0,38,39,5,319,319,319,199,8,8,8,8,8,8,8,8,8,8,8,8,8,8,8,8,8,8,8,8,14,38,39,0,0,70,71,0,0,0,0,0,0,0,0,0,0
197,8,8,8,8,8,8,8,8,8,8,8,8,8,8,8,8,8,8,8,8,8,8,8,8,14,70,71,0,0,0,0,0,70,71,0,0,116,161,153,153,153,153,153,153,163,117,0,0,0,0,0,0,134,154,158,158,157,158,158,158,158,158,158,158,158,156,158,174,0,135,0,0,0,0,0,0,70,71,0,0,38,39,5,319,319,325,199,8,8,8,8,8,8,8,8,8,8,8,8,8,8,8,8,8,8,8,8,14,38,39,0,0,70,71,0,0,0,0,0,0,0,0,0,0
199,8,8,8,8,8,8,8,8,8,8,8,8,8,8,8,8,8,8,8,8,8,8,8,8,14,70,71,0,0,0,0,0,70,71,0,0,130,154,156,158,158,158,158,157,155,131,0,0,0,0,0,0,134,154,158,157,158,158,158,158,158,158,158,158,158,158,156,158,155,135,0,0,0,0,0,0,70,71,0,0,38,39,5,319,319,199,205,8,8,8,8,8,8,8,8,8,8,8,8,8,8,8,8,8,8,8,8,14,38,39,0,0,70,71,0,0,0,0,0,0,0,0,0,0
199,197,8,8,8,8,8,8,8,8,8,8,8,8,8,8,8,8,8,8,8,8,8,8,8,14,70,71,0,0,0,0,0,70,71,0,0,130,154,158,156,158,158,157,158,155,131,0,0,0,0,0,0,134,154,157,158,158,158,158,158,158,158,158,158,158,158,158,156,155,135,0,0,0,0,0,0,70,71,0,0,38,39,5,319,319,199,8,8,8,8,8,8,8,8,8,8,8,8,8,8,8,8,8,8,8,8,8,14,38,39,0,0,70,71,0,0,0,0,0,0,0,0,0,0
199,199,8,8,8,8,8,8,8,8,8,8,8,8,8,8,8,8,8,8,8,8,8,8,8,14,70,71,0,0,0,0,0,70,71,0,0,130,154,158,158,156,157,158,158,155,131,0,0,0,0,0,0,148,162,152,152,152,152,152,152,152,152,152,152,152,152,152,152,160,149,0,0,0,0,0,0,70,71,0,0,38,39,5,319,319,199,8,8,8,8,8,8,8,8,8,8,8,8,8,8,8,8,8,8,8,8,8,14,38,39,0,0,70,71,0,0,0,0,0,0,0,0,0,0
199,199,8,8,8,8,8,8,8,8,8,8,8,8,8,8,8,8,8,8,8,8,8,8,8,14,70,71,0,0,0,0,0,70,71,0,0,130,154,158,158,157,156,158,158,155,131,0,0,0,0,0,0,140,161,153,153,153,153,153,153,153,153,153,153,153,153,153,153,163,141,0,0,0,0,0,0,70,71,0,0,38,39,5,319,319,199,197,8,8,8,8,8,8,8,8,8,8,8,8,8,8,8,8,8,8,8,8,14,38,39,0,0,70,71,0,0,0,0,0,0,0,0,0,0
199,199,197,8,8,8,8,8,8,8,8,8,8,8,8,8,8,8,8,8,8,8,8,8,8,14,70,71,0,0,0,0,0,70,71,0,0,130,154,158,157,158,158,156,158,155,131,0,0,0,0,0,0,134,154,156,158,158,158,158,158,158,158,158,158,158,158,158,157,155,135,0,0,0,0,0,0,70,71,0,0,38,39,5,319,319,199,199,197,8,8,8,8,8,8,8,8,8,8,8,8,8,8,8,8,8,8,8,14,38,39,0,0,70,71,0,0,0,0,0,0,0,0,0,0
199,199,199,8,8,8,8,8,8,8,8,8,8,8,8,8,8,8,8,8,8,8,8,8,8,14,70,71,0,0,0,0,0,70,71,0,0,130,154,157,158,158,158,158,156,155,131,0,0,0,0,0,0,134,154,158,156,158,158,158,158,158,158,158,158,158,158,157,158,155,135,0,0,0,0,0,0,70,71,0,0,38,39,5,319,319,317,199,199,199,199,200,8,8,8,8,8,8,8,8,8,8,8,8,8,8,8,8,14,38,39,0,0,70,71,0,0,0,0,0,0,0,0,0,0
199,199,199,197,8,8,8,8,8,8,8,8,8,8,8,8,8,8,8,8,8,8,8,8,8,14,70,71,0,0,0,0,0,70,71,0,0,124,162,152,152,152,152,152,152,160,125,0,0,0,0,0,0,134,154,158,158,156,158,158,158,158,158,158,158,158,157,158,158,155,135,0,0,0,0,0,0,70,71,0,0,38,39,5,319,319,319,319,199,199,205,8,8,8,8,8,8,8,8,8,196,199,8,8,8,8,8,8,14,38,39,0,0,70,71,0,0,0,0,0,0,0,0,0,0
199,199,199,199,197,8,8,8,8,8,8,8,8,8,8,8,8,8,8,8,8,8,8,8,8,14,70,71,0,0,0,0,0,70,71,0,0,116,161,153,153,153,153,153,153,163,117,0,0,0,0,0,0,134,154,158,158,158,156,158,158,158,158,158,158,157,158,158,158,155,135,0,0,0,0,0,0,70,71,0,0,38,39,5,319,319,325,199,199,205,8,8,8,8,8,8,8,8,8,8,199,199,197,8,8,8,8,8,14,38,39,0,0,70,71,0,0,0,0,0,0,0,0,0,0
199,199,199,199,199,8,8,8,8,8,8,8,8,8,8,8,8,8,8,8,8,8,8,8,8,14,70,71,0,0,0,0,0,70,71,0,0,130,154,156,158,158,158,158,157,155,131,0,0,0,0,0,0,134,154,158,158,158,158,156,158,158,158,158,157,158,158,158,158,155,135,0,0,0,0,0,0,70,71,0,0,38,39,5,319,319,199,199,199,8,8,8,8,8,8,8,8,8,8,196,199,199,199,8,8,8,8,8,14,38,39,0,0,70,71,0,0,0,0,0,0,0,0,0,0
199,199,199,199,199,8,8,8,8,8,8,8,8,8,8,8,8,8,8,8,8,8,8,8,8,14,70,71,0,0,0,0,0,70,71,0,0,130,154,158,156,166,171,157,158,155,131,0,0,0,0,0,0,134,154,158,158,158,158,158,156,158,158,157,158,158,158,158,158,155,135,0,0,0,0,0,0,70,71,0,0,38,39,5,319,325,199,199,199,197,8,8,8,8,8,8,8,196,199,199,199,199,199,8,8,8,8,8,14,38,39,0,0,70,71,0,0,0,0,0,0,0,0,0,0
317,199,199,199,199,197,8,8,8,8,8,8,8,8,8,8,8,8,8,8,8,8,8,8,8,14,70,71,0,0,0,0,0,70,71,0,0,130,154,158,158,0,0,171,158,155,131,0,0,0,0,0,0,134,154,158,158,158,158,158,158,156,157,158,158,158,158,158,158,155,135,0,0,0,0,0,0,70,71,0,0,38,39,5,325,199,199,199,199,199,199,199,199,199,199,199,199,199,199,199,199,199,199,8,8,8,8,8,14,38,39,0,0,70,71,0,0,0,0,0,0,0,0,0,0
319,319,317,199,199,199,8,8,8,8,8,8,8,8,8,8,8,8,8,8,8,8,8,8,8,14,70,71,0,0,0,0,0,70,71,0,0,130,154,158,158,0,0,171,158,155,131,0,0,0,0,0,0,134,154,158,158,158,158,158,158,157,156,158,158,158,158,158,158,155,135,0,0,0,0,0,0,70,71,0,0,38,39,5,199,199,199,199,199,199,199,199,199,199,199,199,199,199,199,199,199,199,199,8,8,8,8,8,14,38,39,0,0,70,71,0,0,0,0,0,0,0,0,0,0
319,319,319,199,199,199,197,8,8,8,8,8,8,8,8,8,8,8,8,8,8,8,8,8,8,14,70,71,0,0,0,0,0,70,71,0,0,130,154,158,157,172,0,0,0,175,131,0,0,0,0,0,0,134,154,158,158,158,158,158,157,158,158,156,158,158,158,158,158,155,135,0,0,0,0,0,0,70,71,0,0,224,227,9,13,13,13,13,13,13,13,13,13,13,13,13,13,13,13,13,13,4,199,8,8,8,8,8,14,38,39,0,0,70,71,0,0,0,0,0,0,0,0,0,0
319,319,319,319,317,199,199,8,8,8,8,8,8,8,8,8,8,8,8,8,8,8,8,8,8,14,70,71,0,0,0,0,0,70,71,0,0,130,154,157,158,158,158,0,0,0,131,0,0,0,0,0,0,134,154,158,158,158,158,157,158,158,158,158,167,158,158,158,158,155,135,0,0,0,0,0,0,70,71,0,0,230,225,209,36,36,36,36,36,36,36,36,36,36,36,36,277,36,210,228,211,5,199,197,8,8,8,8,14,38,39,0,0,70,71,0,0,0,0,0,0,0,0,0,0
319,319,319,319,319,317,199,196,197,8,8,8,8,8,8,8,8,8,8,8,8,8,8,8,8,14,70,71,0,0,0,0,0,70,71,0,0,124,162,152,152,152,152,0,0,0,125,0,0,0,0,0,0,134,154,158,158,158,157,158,158,158,158,174,175,156,158,158,158,155,135,0,0,0,0,0,0,70,71,0,0,232,236,233,44,44,44,44,44,44,44,44,44,44,44,44,304,44,234,218,231,5,199,199,8,8,8,8,14,38,39,0,0,70,71,0,0,0,0,0,0,0,0,0,0
319,319,319,319,319,319,317,199,199,199,199,199,199,197,8,8,8,8,8,8,8,8,8,8,8,14,70,71,0,0,0,0,0,70,71,0,0,116,161,153,153,153,153,172,0,0,117,0,0,0,0,0,0,134,154,158,158,157,158,158,158,158,158,0,0,158,156,158,158,155,135,0,0,0,0,0,0,70,71,0,0,0,0,0,0,0,0,0,0,0,0,0,0,0,0,0,0,0,0,216,219,5,199,199,8,8,8,8,14,38,39,0,0,70,71,0,0,0,0,0,0,0,0,0,0
319,319,319,319,319,319,319,319,319,199,199,199,205,194,8,8,8,8,8,8,8,8,8,8,8,14,70,71,0,0,0,0,0,70,71,0,0,130,154,156,158,158,158,174,0,0,131,0,0,0,0,0,0,134,154,158,157,158,158,158,158,158,158,0,168,158,158,156,158,155,135,0,0,0,0,0,0,70,71,0,0,0,0,0,0,0,0,0,0,0,0,0,0,0,0,0,0,0,0,38,39,5,199,199,8,8,8,8,14,38,39,0,0,70,71,0,0,0,0,0,0,0,0,0,0
319,319,319,319,319,319,319,319,325,199,199,199,8,8,8,8,8,8,8,8,8,8,8,8,8,14,70,71,0,0,0,0,0,70,71,0,0,130,154,158,156,158,158,0,0,165,131,0,0,0,0,0,0,134,154,157,158,158,158,158,158,158,158,172,158,158,158,158,156,155,135,0,0,0,0,0,0,70,71,0,0,0,0,0,0,0,0,0,0,0,0,0,0,0,0,0,0,0,0,38,39,5,199,199,197,8,8,8,14,38,39,0,0,70,71,0,0,0,0,0,0,0,0,0,0
319,319,319,319,319,319,325,199,199,199,199,205,8,8,8,8,8,8,8,8,8,8,8,8,8,14,70,71,0,0,0,0,0,70,71,0,0,130,154,158,158,156,157,0,0,175,131,0,0,0,0,0,0,148,162,152,152,152,152,152,152,152,152,152,152,152,152,152,152,160,149,0,0,0,0,0,0,70,71,0,0,0,0,0,0,0,0,0,0,0,0,0,0,0,0,0,0,0,0,38,39,5,199,199,199,8,8,8,14,38,39,0,0,70,71,0,0,0,0,0,0,0,0,0,0
319,319,319,319,319,325,199,199,199,205,8,8,8,8,8,8,8,8,8,8,8,8,8,8,8,14,70,71,0,0,0,0,0,70,71,0,0,130,154,158,158,157,156,174,0,0,131,0,0,0,0,0,0,140,161,153,153,153,153,153,153,153,153,153,153,153,153,153,153,163,141,0,0,0,0,0,0,70,71,0,0,0,0,0,0,0,0,0,0,0,0,0,0,0,0,0,0,0,0,38,39,5,317,199,199,197,8,8,14,38,39,0,0,70,71,0,0,0,0,0,0,0,0,0,0
319,319,319,319,319,199,199,199,205,8,8,8,8,8,8,8,8,8,8,8,8,8,8,8,8,14,70,71,0,0,0,0,0,70,71,0,0,130,154,158,157,158,158,0,0,0,131,0,0,0,0,0,0,134,154,156,158,158,158,158,158,158,158,158,158,158,158,158,157,155,135,0,0,0,0,0,0,70,71,0,0,0,0,0,0,0,0,0,0,0,0,0,0,0,0,0,0,0,0,38,39,5,319,319,199,199,8,8,14,38,39,0,0,70,71,0,0,0,0,0,0,0,0,0,0
319,319,319,319,319,199,199,199,8,8,8,8,8,8,8,8,8,8,8,8,8,8,8,8,8,14,70,71,0,0,0,0,0,70,71,0,0,130,154,157,158,158,158,158,174,0,131,0,0,0,0,0,0,134,154,158,156,158,158,158,158,158,158,158,158,158,158,157,158,155,135,0,0,0,0,0,0,70,71,0,0,0,0,0,0,0,0,0,0,0,0,0,0,0,0,0,0,0,0,38,39,5,319,319,199,199,8,8,14,38,39,0,0,70,71,0,0,0,0,0,0,0,0,0,0
319,319,319,319,325,199,199,199,8,8,8,8,8,8,8,8,8,8,8,8,8,8,8,8,8,14,70,71,0,0,0,0,0,70,71,0,0,124,162,152,152,152,152,152,0,0,125,0,0,0,0,0,0,134,154,158,158,156,158,158,158,158,158,158,158,158,157,158,158,155,135,0,0,0,0,0,0,70,71,0,0,0,0,0,0,0,0,0,0,0,0,0,0,0,0,0,0,0,0,38,39,5,319,319,199,199,8,8,14,38,39,0,0,70,71,0,0,0,0,0,0,0,0,0,0
319,319,319,325,199,199,199,199,8,8,8,8,8,8,8,8,8,8,8,8,8,8,8,8,8,14,70,71,0,0,0,0,0,70,71,0,0,116,161,153,153,153,153,153,0,0,117,0,0,0,0,0,0,134,154,158,158,158,156,158,158,158,158,158,158,157,158,158,158,155,135,0,0,0,0,0,0,70,71,0,0,0,0,0,0,0,0,0,0,0,0,0,0,0,0,0,0,0,0,38,39,5,319,325,199,199,8,8,14,38,39,0,0,70,71,0,0,0,0,0,0,0,0,0,0
319,319,325,199,199,199,199,199,8,8,8,8,8,8,8,8,8,8,8,8,8,8,8,8,8,14,70,71,0,0,0,0,0,70,71,0,0,130,154,156,158,158,158,0,0,0,131,0,0,0,0,0,0,134,154,158,158,158,158,156,158,158,158,158,157,158,158,158,158,155,135,0,0,0,0,0,0,70,71,0,0,0,0,0,0,0,0,0,0,0,0,0,0,0,0,0,0,0,0,38,39,5,319,199,199,199,8,8,14,38,39,0,0,70,71,0,0,0,0,0,0,0,0,0,0
319,319,199,199,199,199,199,199,8,8,8,8,8,8,8,8,8,8,8,8,8,8,8,8,8,14,70,71,0,0,0,0,0,70,71,0,0,130,154,158,156,158,158,157,172,0,131,0,0,0,0,0,0,134,154,158,158,158,158,158,156,158,158,157,158,158,158,158,158,155,135,0,0,0,0,0,0,70,71,0,0,0,0,0,0,0,0,0,0,0,0,0,0,0,0,0,0,0,0,38,39,5,319,199,199,205,8,8,14,38,39,0,0,70,71,0,0,0,0,0,0,0,0,0,0
319,325,199,199,199,199,199,199,8,8,8,8,8,8,8,8,8,8,8,8,8,8,8,8,8,14,70,71,0,0,0,0,0,70,71,0,0,130,154,158,158,156,157,158,158,170,131,0,0,0,0,0,0,134,154,158,158,158,158,158,158,156,157,158,158,158,158,158,158,155,135,0,0,0,0,0,0,70,71,0,0,0,0,0,0,0,0,0,0,0,0,0,0,0,0,0,0,0,0,38,39,5,319,199,199,8,8,8,14,38,39,0,0,70,71,0,0,0,0,0,0,0,0,0,0
325,199,199,199,199,199,199,199,8,8,8,8,8,8,8,8,8,8,8,8,8,8,8,8,8,14,70,71,0,0,0,0,0,70,71,0,0,130,154,158,158,157,156,158,170,0,131,0,0,0,0,0,0,134,154,158,158,158,158,158,158,157,156,158,158,158,158,158,158,155,135,0,0,0,0,0,0,70,71,0,0,0,0,0,0,0,0,0,0,0,0,0,0,0,0,0,0,0,0,38,39,5,325,199,199,8,8,8,14,38,39,0,0,70,71,0,0,0,0,0,0,0,0,0,0
199,199,199,199,199,199,199,199,8,8,8,8,8,8,8,8,8,8,8,8,8,8,8,8,8,14,70,71,0,0,0,0,0,70,71,0,0,130,154,158,157,158,158,156,0,0,131,0,0,0,0,0,0,134,167,158,158,158,158,158,157,158,158,156,158,158,158,158,158,155,135,0,0,0,0,0,0,70,71,0,0,0,0,0,0,0,0,0,0,0,0,0,0,0,0,0,0,0,0,38,39,5,199,199,199,8,8,8,14,38,39,0,0,70,71,0,0,0,0,0,0,0,0,0,0
199,199,199,199,199,199,199,205,8,8,8,8,8,8,8,8,8,8,8,8,8,8,8,8,196,14,70,71,0,0,0,0,0,70,71,0,0,130,154,157,158,158,158,158,0,0,131,0,0,0,0,0,0,134,0,175,158,158,158,157,158,158,158,158,156,158,158,158,158,155,135,0,0,0,0,0,0,70,71,0,0,0,0,0,0,0,0,0,0,0,0,0,0,0,0,0,0,0,0,38,39,5,199,199,199,8,8,8,14,38,39,0,0,70,71,0,0,0,0,0,0,0,0,0,0
199,199,199,199,199,199,205,8,8,8,8,8,8,8,8,8,8,8,8,8,8,8,8,8,199,14,70,71,0,0,0,0,0,70,71,0,0,124,162,152,152,152,152,166,0,168,125,0,0,0,0,0,0,134,172,158,158,158,157,158,158,158,158,158,158,156,158,158,158,155,135,0,0,0,0,0,0,70,71,0,0,0,0,0,0,0,0,0,0,0,0,0,0,0,0,0,0,0,0,38,39,5,199,199,199,8,8,8,14,38,39,0,0,70,71,0,0,0,0,0,0,0,0,0,0
199,199,199,199,205,8,8,8,8,8,8,8,8,8,8,8,8,8,8,8,8,8,8,196,199,14,70,71,0,0,0,0,0,70,71,0,0,116,161,153,153,153,153,164,153,163,117,0,0,0,0,0,0,134,154,158,158,157,158,158,158,158,158,158,158,158,156,158,158,155,135,0,0,0,0,0,0,70,71,0,0,0,0,0,0,0,0,0,0,0,0,0,0,0,0,0,0,0,0,38,39,5,199,199,199,8,8,8,14,38,39,0,0,70,71,0,0,0,0,0,0,0,0,0,0
199,199,199,199,8,8,8,8,8,8,8,8,8,8,8,8,8,8,8,8,8,8,196,199,316,14,70,71,0,0,0,0,0,70,71,0,0,130,154,156,158,158,158,158,157,155,131,0,0,0,0,0,0,134,154,158,157,158,158,158,158,158,158,158,158,158,158,156,158,155,135,0,0,0,0,0,0,70,71,0,0,0,0,0,0,0,0,0,0,0,0,0,0,0,0,0,0,0,0,38,39,5,199,199,199,8,8,8,14,38,39,0,0,70,71,0,0,0,0,0,0,0,0,0,0
199,199,199,205,8,8,8,8,8,8,8,8,8,8,8,8,8,8,8,8,8,196,199,199,319,14,70,71,0,0,0,0,0,70,71,0,0,130,154,158,156,158,158,157,158,155,131,0,0,0,0,0,0,134,154,157,158,158,158,158,158,158,158,158,158,158,158,158,156,155,135,0,0,0,0,0,0,70,71,0,0,0,0,0,0,0,0,0,0,0,0,0,0,0,0,0,0,0,0,38,39,5,199,199,199,8,8,8,14,38,39,0,0,70,71,0,0,0,0,0,0,0,0,0,0
199,199,205,8,8,8,8,8,8,8,8,8,8,8,8,8,8,8,8,8,8,199,199,316,319,14,70,71,0,0,0,0,0,70,71,0,0,130,154,158,158,156,157,158,158,155,131,0,0,0,0,0,0,148,162,152,152,152,152,152,152,152,152,152,152,152,152,152,152,160,149,0,0,0,0,0,0,70,71,0,0,0,0,0,0,0,0,0,0,0,0,0,0,0,0,0,0,0,0,38,39,5,199,199,199,8,8,8,14,38,39,0,0,70,71,0,0,0,0,0,0,0,0,0,0
199,205,8,8,8,8,8,8,8,8,8,8,8,8,8,8,8,8,8,8,8,199,316,319,319,14,70,71,0,0,0,0,0,70,71,0,0,130,154,158,158,157,156,158,158,166,131,0,0,0,0,0,0,116,0,0,0,0,167,153,153,153,153,153,153,153,153,153,153,163,141,0,0,0,0,0,0,70,71,0,0,0,0,0,0,0,0,0,0,0,0,0,0,0,0,0,0,0,0,38,39,5,199,199,205,8,8,8,14,38,39,0,0,70,71,0,0,0,0,0,0,0,0,0,0
8,8,8,8,8,8,8,8,8,8,8,8,8,8,8,8,8,8,8,8,8,199,319,319,319,14,70,71,0,0,0,0,0,70,71,0,0,130,154,158,157,158,158,156,158,168,131,0,0,0,0,0,0,130,0,0,0,0,0,165,158,158,158,158,158,158,158,158,157,155,135,0,0,0,0,0,0,70,71,0,0,0,0,0,0,0,0,0,0,0,0,0,0,0,0,0,0,0,0,38,39,5,199,199,8,8,8,8,14,38,39,0,0,70,71,0,0,0,0,0,0,0,0,0,0
8,8,8,8,8,8,8,8,8,8,8,8,8,8,8,8,8,8,8,8,8,199,319,319,319,14,70,71,0,0,0,0,0,70,71,0,0,130,154,157,158,158,158,158,156,155,131,0,0,0,0,0,0,130,0,0,0,158,158,158,158,158,158,158,158,158,158,157,158,155,135,0,0,0,0,0,0,70,71,0,0,0,0,0,0,0,0,0,0,0,0,0,0,0,0,0,0,0,0,38,39,5,199,199,8,8,8,8,14,38,39,0,0,70,71,0,0,0,0,0,0,0,0,0,0
8,8,8,8,8,8,8,8,8,8,8,8,8,8,8,8,8,8,8,8,8,199,324,319,319,14,70,71,0,0,0,0,0,70,71,0,0,124,162,152,152,152,152,152,152,160,120,128,128,128,128,128,128,130,0,0,165,156,158,158,158,158,158,158,158,158,157,158,158,155,135,0,0,0,0,0,0,70,71,0,0,0,0,0,0,0,0,0,0,0,0,0,0,0,0,0,0,0,0,38,39,5,199,199,8,8,8,8,14,38,39,0,0,70,71,0,0,0,0,0,0,0,0,0,0
8,8,8,8,8,8,8,8,8,8,8,8,8,8,8,8,8,8,8,8,8,204,199,319,319,14,70,71,0,0,0,0,0,70,71,0,0,116,161,153,153,153,153,153,153,163,161,153,153,153,169,0,0,130,0,0,158,158,156,158,158,158,158,158,158,157,158,158,158,155,135,0,0,0,0,0,0,70,71,0,0,0,0,0,0,0,0,0,0,0,0,0,0,0,0,0,0,0,0,38,39,5,199,199,8,8,8,8,14,38,39,0,0,70,71,0,0,0,0,0,0,0,0,0,0
8,8,8,8,8,8,8,8,8,8,8,8,8,8,8,8,8,8,8,8,8,8,199,324,319,14,70,71,0,0,0,0,0,70,71,0,0,130,154,156,158,158,158,158,157,155,154,156,158,158,158,170,0,130,0,175,158,158,158,156,158,158,158,158,157,158,158,158,158,155,135,0,0,0,0,0,0,70,71,0,0,0,0,0,0,0,0,0,0,0,0,0,0,0,0,0,0,0,0,38,39,5,199,199,8,8,8,8,14,38,39,0,0,70,71,0,0,0,0,0,0,0,0,0,0
8,8,8,8,8,8,8,8,8,8,8,8,8,8,8,8,8,8,8,8,8,8,199,199,319,14,70,71,0,0,0,0,0,70,71,0,0,130,154,158,156,158,158,157,158,155,154,158,156,158,158,157,158,130,154,158,158,158,158,158,156,158,158,157,158,158,158,158,158,155,135,0,0,0,0,0,0,70,71,0,0,0,0,0,0,0,0,0,0,0,0,0,0,0,0,0,0,0,0,38,39,5,199,199,8,8,8,8,14,38,39,0,0,70,71,0,0,0,0,0,0,0,0,0,0
8,8,8,8,8,8,8,8,8,8,8,8,8,8,8,8,8,8,8,8,8,196,199,199,319,14,70,71,0,0,0,0,0,70,71,0,0,130,154,158,158,156,157,158,158,155,154,158,158,156,157,158,158,130,154,158,158,158,158,158,158,156,157,158,158,158,158,158,158,155,135,0,0,0,0,0,0,70,71,0,0,0,0,0,0,0,0,0,0,0,0,0,0,0,0,0,0,0,0,38,39,5,199,199,8,8,8,8,14,38,39,0,0,70,71,0,0,0,0,0,0,0,0,0,0
8,8,8,8,8,8,8,8,8,8,8,8,8,8,8,8,8,8,8,8,8,199,199,199,319,14,70,71,0,0,0,0,0,70,71,0,0,130,154,158,158,157,156,158,158,155,154,158,158,157,156,158,158,130,154,158,158,158,158,158,158,157,156,158,158,158,158,158,158,155,135,0,0,0,0,0,0,70,71,0,0,0,0,0,0,0,0,0,0,0,0,0,0,0,0,0,0,0,0,38,39,5,199,199,8,8,8,8,14,38,39,0,0,70,71,0,0,0,0,0,0,0,0,0,0
8,8,8,8,8,8,8,8,8,8,8,8,8,8,8,8,8,8,8,8,196,199,199,199,319,14,70,71,0,0,0,0,0,70,71,0,0,130,154,158,157,158,158,156,158,155,154,158,157,158,158,156,158,130,154,158,158,158,158,158,157,158,158,156,158,158,158,158,158,155,135,0,0,0,0,0,0,70,71,0,0,0,0,0,0,0,0,0,0,0,0,0,0,0,0,0,0,0,0,38,39,5,199,199,8,8,8,8,14,38,39,0,0,70,71,0,0,0,0,0,0,0,0,0,0
8,8,8,8,8,8,8,8,8,8,8,8,8,8,8,8,8,8,8,8,199,199,199,316,319,14,70,71,0,0,0,0,0,70,71,0,0,130,154,157,158,158,158,158,156,155,154,157,158,158,158,158,156,130,154,158,158,158,158,157,158,158,158,158,156,158,158,158,158,155,135,0,0,0,0,0,0,70,71,0,0,0,0,0,0,0,0,0,0,0,0,0,0,0,0,0,0,0,0,38,39,5,199,199,8,8,8,8,14,38,39,0,0,70,71,0,0,0,0,0,0,0,0,0,0
8,8,8,8,8,8,8,8,8,8,8,8,8,202,8,8,8,8,8,196,199,199,316,319,319,14,70,71,0,0,0,0,0,70,71,0,0,130,162,152,152,152,152,152,152,160,162,152,152,152,152,152,152,130,154,158,158,158,157,158,158,158,158,158,158,156,158,158,158,155,135,0,0,0,0,0,0,70,71,0,0,0,0,0,0,0,0,0,0,0,0,0,0,0,0,0,0,0,0,38,39,5,199,199,8,8,8,8,14,38,39,0,0,70,71,0,0,0,0,0,0,0,0,0,0
8,8,8,8,8,8,8,8,8,8,8,8,8,199,197,8,196,199,199,199,199,199,319,319,319,14,70,71,0,0,0,0,0,70,71,0,0,126,129,129,129,129,129,129,129,123,122,129,129,129,129,129,129,130,154,158,158,157,158,158,158,158,158,158,158,158,156,158,158,155,135,0,0,0,0,0,0,70,71,0,0,0,0,0,0,0,0,0,0,0,0,0,0,0,0,0,0,0,0,38,39,5,199,199,8,8,8,8,14,38,39,0,0,70,71,0,0,0,0,0,0,0,0,0,0
8,8,8,8,8,8,8,8,8,8,8,8,8,193,199,199,199,199,199,199,199,316,319,319,319,14,70,71,0,0,0,0,0,70,71,0,0,0,0,0,0,0,0,0,0,0,0,0,0,0,0,0,0,130,154,158,157,158,158,158,158,158,158,158,158,158,158,156,158,155,135,0,0,0,0,0,0,70,71,0,0,0,0,0,0,0,0,0,0,0,0,0,0,0,0,0,0,0,0,38,39,5,199,199,8,8,8,8,14,38,39,0,0,70,71,0,0,0,0,0,0,0,0,0,0
8,8,8,8,8,8,8,8,8,8,8,8,8,201,199,199,199,199,199,199,199,319,319,319,319,14,70,71,0,0,0,0,0,256,259,0,0,0,0,0,0,0,0,0,0,0,0,0,0,0,0,0,0,130,154,157,158,158,158,158,158,158,158,158,158,158,158,158,156,155,135,0,0,0,0,0,0,70,71,0,0,0,0,0,0,0,0,0,0,0,0,0,0,0,0,0,0,0,0,38,39,5,199,199,8,8,8,8,14,38,39,0,0,70,71,0,0,0,0,0,0,0,0,0,0
8,8,8,8,8,8,8,8,8,8,8,8,8,199,199,199,199,199,199,199,316,319,319,319,319,14,70,71,0,0,0,0,0,262,257,241,68,291,291,291,291,291,291,291,68,68,68,68,242,260,243,0,0,124,162,152,152,152,152,152,152,152,152,152,152,152,152,152,152,160,149,0,0,0,0,0,0,70,71,0,0,0,0,0,0,0,0,0,0,0,0,0,0,0,0,0,0,0,0,38,39,5,199,199,8,8,8,8,14,38,39,0,0,70,71,0,0,0,0,0,0,0,0,0,0
8,8,8,8,8,8,8,8,8,8,8,8,8,204,199,199,199,199,199,316,319,319,319,319,319,14,70,71,0,0,0,0,0,264,268,265,76,305,76,76,299,299,76,305,76,76,299,76,266,250,263,0,0,140,161,153,153,153,153,153,153,153,153,153,153,153,153,153,153,163,141,0,0,0,0,0,0,70,71,0,0,0,0,0,0,0,0,0,0,0,0,0,0,0,0,0,0,0,0,38,39,5,199,199,8,8,8,8,14,38,39,0,0,70,71,0,0,0,0,0,0,0,0,0,0
8,8,8,8,8,8,8,8,8,8,8,8,8,8,199,199,199,199,199,319,319,319,319,319,319,14,70,71,0,0,0,0,0,0,0,0,0,0,0,0,0,0,0,0,0,0,0,0,0,248,251,0,0,134,154,156,158,158,158,158,158,158,158,158,158,158,158,158,157,155,135,0,0,0,0,0,0,70,71,0,0,0,0,0,0,0,0,0,0,0,0,0,0,0,0,0,0,0,0,38,39,5,199,199,8,8,8,8,14,38,39,0,0,70,71,0,0,0,0,0,0,0,0,0,0
8,8,8,8,8,8,8,8,8,8,8,8,8,8,199,199,199,199,199,319,319,319,319,319,319,14,70,71,0,0,0,0,0,0,0,0,0,0,0,0,0,0,0,0,0,0,0,0,0,70,71,0,0,134,154,158,156,158,158,158,158,158,158,158,158,158,158,157,158,155,135,0,0,0,0,0,0,70,71,0,0,0,0,0,0,0,0,0,0,0,0,0,0,0,0,0,0,0,0,38,39,5,199,199,8,8,8,8,14,38,39,0,0,70,71,0,0,0,0,0,0,0,0,0,0
8,8,8,8,8,8,8,8,8,8,8,8,8,8,199,199,199,199,316,319,319,319,319,319,319,14,70,71,0,0,0,0,0,0,0,0,0,0,0,0,0,0,0,0,0,0,0,0,0,70,71,0,0,134,154,158,158,156,158,158,158,158,158,158,158,158,157,158,158,155,135,0,0,0,0,0,0,70,71,0,0,0,0,0,0,0,0,0,0,0,0,0,0,0,0,0,0,0,0,38,39,5,199,199,8,8,8,8,14,38,39,0,0,70,71,0,0,0,0,0,0,0,0,0,0
8,8,8,8,8,8,8,8,8,8,8,8,8,8,199,199,199,199,319,319,319,319,319,319,319,14,70,71,0,0,0,0,0,0,0,0,0,0,0,0,0,0,0,0,0,0,0,0,0,70,71,0,0,134,154,158,158,158,156,158,158,158,158,158,158,157,158,158,158,155,135,0,0,0,0,0,0,70,71,0,0,0,0,0,0,0,0,0,0,0,0,0,0,0,0,0,0,0,0,38,39,5,199,199,8,8,8,8,14,38,39,0,0,70,71,0,0,0,0,0,0,0,0,0,0
8,8,8,8,8,8,8,8,8,8,8,8,8,8,199,199,199,199,319,319,319,319,319,319,319,14,70,71,0,0,0,0,0,0,0,0,0,0,0,0,0,0,0,0,0,0,0,0,0,70,71,0,0,134,154,158,158,158,158,156,158,158,158,158,157,158,158,158,158,155,135,0,0,0,0,0,0,70,71,0,0,0,0,0,0,0,0,0,0,0,0,0,0,0,0,0,0,0,0,38,39,5,199,199,197,8,8,8,14,38,39,0,0,70,71,0,0,0,0,0,0,0,0,0,0
8,8,8,8,8,8,8,8,8,8,8,8,8,196,199,199,199,199,319,319,319,319,319,319,319,14,70,71,0,0,0,0,0,0,0,0,0,0,0,0,0,0,0,0,0,0,0,0,0,70,71,0,0,134,154,158,158,158,158,158,156,158,158,157,158,158,158,158,158,155,135,0,0,0,0,0,0,70,71,0,0,0,0,0,0,0,0,0,0,0,0,0,0,0,0,0,0,0,0,38,39,5,316,199,199,197,8,8,14,38,39,0,0,70,71,0,0,0,0,0,0,0,0,0,0
8,8,8,8,8,8,8,8,8,8,8,8,8,199,199,199,199,199,319,319,319,319,319,319,319,14,70,71,0,0,0,0,0,0,0,0,0,0,0,0,0,0,0,0,0,0,0,0,0,70,71,0,0,134,154,158,158,158,158,158,158,156,157,158,158,158,158,158,158,155,135,0,0,0,0,0,0,70,71,0,0,0,0,0,0,0,0,0,0,0,0,0,0,0,0,0,0,0,0,38,39,5,319,317,199,199,8,8,14,38,39,0,0,70,71,0,0,0,0,0,0,0,0,0,0
8,8,8,8,8,8,8,8,8,8,8,8,196,199,199,199,199,199,319,319,319,319,319,319,319,14,70,71,0,0,0,0,0,0,0,0,0,0,0,0,0,0,0,0,0,0,0,0,0,70,71,0,0,134,154,158,158,158,158,158,158,157,156,158,158,158,158,158,158,155,135,0,0,0,0,0,0,70,71,0,0,0,0,0,0,0,0,0,0,0,0,0,0,0,0,0,0,0,0,38,39,5,319,319,199,199,8,8,14,38,39,0,0,70,71,0,0,0,0,0,0,0,0,0,0
8,196,199,199,199,197,8,8,8,8,8,196,199,199,199,199,199,199,199,324,319,319,319,319,319,14,70,71,0,0,0,0,0,0,0,0,0,0,0,0,0,0,0,0,0,0,0,0,0,70,71,0,0,134,154,158,158,158,158,158,157,158,158,156,158,158,158,158,158,155,135,0,0,0,0,0,0,70,71,0,0,0,0,0,0,0,0,0,0,0,0,0,0,0,0,0,0,0,0,38,39,5,319,319,317,199,8,8,14,38,39,0,0,70,71,0,0,0,0,0,0,0,0,0,0
199,199,199,199,199,199,199,199,199,199,199,199,199,199,316,319,319,317,199,199,199,324,319,319,319,14,70,71,0,0,0,0,0,0,0,0,0,0,0,0,0,0,0,0,0,0,0,0,0,70,71,0,0,134,154,158,158,158,158,157,158,158,158,158,156,158,158,158,158,155,135,0,0,0,0,0,0,70,71,0,0,0,0,0,0,0,0,0,0,0,0,0,0,0,0,0,0,0,0,38,39,5,319,319,319,199,8,8,14,38,39,0,0,70,71,0,0,0,0,0,0,0,0,0,0
199,199,199,199,199,199,199,199,199,199,199,199,199,316,319,319,319,319,199,199,199,199,319,319,319,14,70,71,0,0,0,0,0,0,0,0,0,0,0,0,0,0,0,0,0,0,0,0,0,70,71,0,0,134,154,158,158,158,157,158,158,158,158,158,158,156,158,158,158,155,135,0,0,0,0,0,0,70,71,0,0,0,0,0,0,0,0,0,0,0,0,0,0,0,0,0,0,0,0,38,39,5,319,319,319,199,8,8,14,38,39,0,0,70,71,0,0,0,0,0,0,0,0,0,0
199,199,199,199,199,199,199,199,199,199,199,316,319,319,319,319,319,319,317,199,199,199,324,319,319,14,70,71,0,0,0,0,0,0,0,0,0,0,0,0,0,0,0,0,0,0,0,0,0,70,71,0,0,134,154,158,158,157,158,158,158,158,158,158,158,158,156,158,158,155,135,0,0,0,0,0,0,70,71,0,0,0,0,0,0,0,0,0,0,0,0,0,0,0,0,0,0,0,0,38,39,5,319,319,325,199,8,8,14,38,39,0,0,70,71,0,0,0,0,0,0,0,0,0,0
13,13,13,13,13,13,13,13,13,13,13,13,13,13,13,13,13,13,13,13,13,13,13,13,13,10,256,259,0,0,0,0,0,0,0,0,0,0,0,0,0,0,0,0,0,0,0,0,0,70,71,0,0,134,154,158,157,158,158,158,158,158,158,158,158,158,158,156,158,155,135,0,0,0,0,0,0,70,71,0,0,0,0,0,0,0,0,0,0,0,0,0,0,0,0,0,0,0,0,38,39,5,319,199,199,199,8,8,14,38,39,0,0,70,71,0,0,0,0,0,0,0,0,0,0
68,291,291,291,291,68,68,68,68,68,291,291,291,291,291,291,291,291,68,68,68,68,68,291,291,242,258,263,0,0,0,0,0,0,0,0,0,0,0,0,0,0,0,0,0,0,0,0,0,70,71,0,0,134,154,157,158,158,158,158,158,158,158,158,158,158,158,158,156,155,135,0,0,0,0,0,0,70,71,0,0,0,0,0,0,0,0,0,0,0,0,0,0,0,0,0,0,0,0,38,39,5,325,199,199,199,8,8,14,38,39,0,0,70,71,0,0,0,0,0,0,0,0,0,0
76,76,76,305,76,76,76,76,76,76,76,76,299,299,299,299,299,299,76,76,76,76,76,76,305,266,268,267,0,0,0,0,0,0,0,0,0,0,0,0,0,0,0,0,0,0,0,0,0,70,71,0,0,148,162,152,152,152,152,152,152,152,152,152,152,152,152,152,152,160,149,0,0,0,0,0,0,70,71,0,0,0,0,0,0,0,0,0,0,0,0,0,0,0,0,0,0,0,0,38,39,5,199,199,199,205,8,8,14,38,39,0,0,70,71,0,0,0,0,0,0,0,0,0,0
0,0,0,0,0,0,0,0,0,0,0,0,0,0,0,0,0,0,0,0,0,0,0,0,0,0,0,0,0,0,0,0,0,0,0,0,0,0,0,0,0,0,0,0,0,0,0,0,0,70,71,0,0,140,161,153,153,153,153,153,153,153,153,153,153,153,153,153,153,163,141,0,0,0,0,0,0,70,71,0,0,0,0,0,0,0,0,0,0,0,0,0,0,0,0,0,0,0,0,38,39,5,199,199,205,8,8,8,14,38,39,0,0,70,71,0,0,0,0,0,0,0,0,0,0
0,0,0,0,0,0,0,0,0,0,0,0,0,0,0,0,0,0,0,0,0,0,0,0,0,0,0,0,0,0,0,0,0,0,0,0,0,0,0,0,0,0,0,0,0,0,0,0,0,70,71,0,0,134,154,156,158,158,158,158,158,158,158,158,158,158,158,158,157,155,135,0,0,0,0,0,0,70,71,0,0,0,0,0,0,0,0,0,0,0,0,0,0,0,0,0,0,0,0,38,39,5,199,199,8,8,8,8,14,38,39,0,0,70,71,0,0,0,0,0,0,0,0,0,0
0,0,0,0,0,0,0,0,0,0,0,0,0,0,0,0,0,0,0,0,0,0,0,0,0,0,0,0,0,0,0,0,0,0,0,0,0,0,0,0,0,0,0,0,0,0,0,0,0,70,71,0,0,134,154,158,156,158,158,158,158,158,158,158,158,158,158,157,158,155,135,0,0,0,0,0,0,70,71,0,0,0,0,0,0,0,0,0,0,0,0,0,0,0,0,0,0,0,0,38,39,5,199,205,8,8,8,8,14,38,39,0,0,70,71,0,0,0,0,0,0,0,0,0,0
0,0,0,0,0,0,0,0,0,0,0,0,0,0,0,0,0,0,0,0,0,0,0,0,0,0,0,0,0,0,0,0,0,0,0,0,0,0,0,0,0,0,0,0,0,0,0,0,0,70,71,0,0,134,154,158,158,156,158,158,158,158,158,158,158,158,157,158,158,155,135,0,0,0,0,0,0,70,71,0,0,0,0,0,0,0,0,0,0,0,0,0,0,0,0,0,0,0,0,38,39,5,205,8,8,8,8,8,14,38,39,0,0,70,71,0,0,0,0,0,0,0,0,0,0
0,0,0,0,0,0,0,0,0,0,0,0,0,0,0,0,0,0,0,0,0,0,0,0,0,0,0,0,0,0,0,0,0,0,0,0,0,0,0,0,0,0,0,0,0,0,0,0,0,70,71,0,0,134,154,158,158,158,156,158,158,158,158,158,158,157,158,158,158,173,135,0,0,0,0,0,0,70,71,0,0,0,0,0,0,0,0,0,0,0,0,0,0,0,0,0,0,0,0,38,39,5,8,8,8,8,8,8,14,38,39,0,0,70,71,0,0,0,0,0,0,0,0,0,0
0,0,0,0,0,0,0,0,0,0,0,0,0,0,0,0,0,0,0,0,0,0,0,0,0,0,0,0,0,0,0,0,0,0,0,0,0,0,0,0,0,0,0,0,0,0,0,0,0,70,71,0,0,134,154,158,158,158,158,156,158,158,158,158,157,158,158,158,158,0,135,0,0,0,0,0,0,70,71,0,0,0,0,0,0,0,0,0,0,0,0,0,0,0,0,0,0,0,0,38,39,5,8,8,8,8,8,8,14,38,39,0,0,70,71,0,0,0,0,0,0,0,0,0,0
0,0,0,0,0,0,0,0,0,0,0,0,0,0,0,0,0,0,0,0,0,0,0,0,0,0,0,0,0,0,0,0,0,0,0,0,0,0,0,0,0,0,0,0,0,0,0,0,0,70,71,0,0,134,154,158,158,158,158,158,156,158,158,157,158,158,173,158,158,0,135,0,0,0,0,0,0,70,71,0,0,0,0,0,0,0,0,0,0,0,0,0,0,0,0,0,0,0,0,38,39,5,8,8,8,8,8,196,14,38,39,0,0,70,71,0,0,0,0,0,0,0,0,0,0
0,0,0,0,0,0,0,0,0,0,0,0,0,0,0,0,0,0,0,0,0,0,0,0,0,0,0,0,0,0,0,0,0,0,0,0,0,0,0,0,0,0,0,0,0,0,0,0,0,70,71,0,0,134,154,158,158,158,158,158,158,156,157,158,158,158,0,158,169,0,135,0,0,0,0,0,0,70,71,0,0,0,0,0,0,0,0,0,0,0,0,0,0,0,0,0,0,0,0,38,39,5,8,8,8,8,8,199,14,38,39,0,0,70,71,0,0,0,0,0,0,0,0,0,0
36,36,36,36,36,36,36,36,36,36,36,36,36,36,36,36,36,36,36,36,36,36,36,36,36,36,36,36,36,36,36,36,36,36,36,36,36,36,36,36,36,36,36,19,0,0,0,0,0,70,71,0,0,134,154,158,158,158,158,158,158,157,156,158,158,158,0,0,0,0,135,0,0,0,0,0,0,70,71,0,0,0,0,0,0,0,0,0,0,0,0,0,0,0,0,0,0,0,0,38,39,5,8,8,8,8,8,199,14,38,39,0,0,70,71,0,0,0,0,0,0,0,0,0,0
44,44,44,44,44,44,44,44,44,44,44,44,44,44,44,44,44,44,44,44,44,44,44,44,44,44,44,44,44,44,44,44,44,44,44,44,44,44,44,44,44,44,26,39,0,0,0,0,0,70,71,0,0,134,154,158,158,158,158,158,157,158,158,156,158,169,0,172,0,0,135,0,0,0,0,0,0,70,71,0,0,0,0,0,0,0,0,0,0,0,0,0,0,0,0,0,0,0,0,38,39,5,8,8,8,8,196,199,14,38,39,0,0,70,71,0,0,0,0,0,0,0,0,0,0
6,6,6,6,6,6,6,6,6,6,6,6,6,6,6,6,6,6,6,6,6,6,6,6,6,6,6,6,6,6,6,6,6,6,6,6,6,6,6,6,6,2,38,39,0,0,0,0,0,70,71,0,0,134,154,158,158,158,158,157,158,158,158,158,156,164,165,158,0,0,135,0,0,0,0,0,0,70,71,0,0,0,0,0,0,0,0,0,0,0,0,0,0,0,0,0,0,0,0,38,39,5,8,8,8,196,199,199,14,38,39,0,0,70,71,0,0,0,0,0,0,0,0,0,0
8,8,8,193,324,319,319,319,319,319,319,319,319,319,325,199,199,199,199,199,199,199,199,199,199,324,319,319,319,319,319,319,319,319,319,319,319,319,319,319,319,14,38,39,0,0,0,0,0,70,71,0,0,134,154,158,158,158,157,158,158,158,158,158,158,156,158,158,0,175,135,0,0,0,0,0,0,70,71,0,0,0,0,0,0,0,0,0,0,0,0,0,0,0,0,0,0,0,0,38,39,5,8,8,8,199,199,199,14,38,39,0,0,70,71,0,0,0,0,0,0,0,0,0,0
8,8,8,8,199,319,319,319,319,319,319,319,199,199,199,199,199,199,199,199,199,199,199,199,199,199,324,319,319,319,319,319,319,319,319,319,319,319,319,319,319,14,38,39,0,0,0,0,0,70,71,0,0,134,154,158,158,157,158,158,158,158,158,158,158,158,156,158,172,155,135,0,0,0,0,0,0,70,71,0,0,0,0,0,0,0,0,0,0,0,0,0,0,0,0,0,0,0,0,38,39,5,8,8,8,199,199,199,14,38,39,0,0,70,71,0,0,0,0,0,0,0,0,0,0
8,8,8,8,199,199,319,319,319,319,319,325,199,199,199,199,199,199,199,199,199,199,199,199,199,199,199,199,319,319,319,319,319,319,319,319,319,319,325,199,319,14,38,39,0,0,0,0,0,70,71,0,0,134,154,158,157,158,158,158,158,158,158,158,158,158,158,156,158,155,135,0,0,0,0,0,0,70,71,0,0,0,0,0,0,0,0,0,0,0,0,0,0,0,0,0,0,0,0,38,39,5,8,8,8,199,199,199,14,38,39,0,0,70,71,0,0,0,0,0,0,0,0,0,0
8,8,8,8,199,199,324,319,319,319,325,199,199,199,199,199,199,205,8,8,204,199,199,199,199,199,199,199,324,319,319,319,319,319,319,319,319,319,199,199,324,14,38,39,0,0,0,0,0,70,71,0,0,134,154,157,158,158,158,158,158,158,158,158,158,158,158,158,156,155,135,0,0,0,0,0,0,70,71,0,0,0,0,0,0,0,0,0,0,0,0,0,0,0,0,0,0,0,0,38,39,5,8,8,8,199,199,199,14,38,39,0,0,70,71,0,0,0,0,0,0,0,0,0,0
8,8,8,8,199,199,199,199,199,199,199,199,199,199,199,199,199,8,8,8,8,8,204,199,199,199,199,321,319,319,319,319,319,319,319,319,319,325,199,199,199,14,38,39,0,0,0,0,0,70,71,0,0,148,162,152,152,152,152,152,152,152,152,152,152,152,152,152,152,160,149,0,0,0,0,0,0,70,71,0,0,0,0,0,0,0,0,0,0,0,0,0,0,0,0,0,0,0,0,38,39,5,8,8,8,199,199,199,14,38,39,0,0,70,71,0,0,0,0,0,0,0,0,0,0
8,8,8,8,199,199,199,199,199,199,199,199,199,199,199,199,205,8,8,8,8,8,8,8,204,199,199,199,325,199,199,199,199,199,199,199,199,199,199,199,316,14,38,39,0,0,0,0,0,70,71,0,0,140,161,153,153,153,153,153,153,153,153,153,153,153,153,153,153,163,141,0,0,0,0,0,0,70,71,0,0,0,0,0,0,0,0,0,0,0,0,0,0,0,0,0,0,0,0,38,39,5,8,8,8,199,199,199,14,38,39,0,0,70,71,0,0,0,0,0,0,0,0,0,0
8,8,8,8,199,199,199,199,199,205,8,8,8,8,8,8,8,8,8,8,8,8,8,8,8,199,199,199,199,199,199,199,199,199,199,199,199,199,199,199,319,14,38,39,0,0,0,0,0,70,71,0,0,134,154,156,158,158,158,158,158,158,158,158,158,158,158,158,157,155,135,0,0,0,0,0,0,70,71,0,0,0,0,0,0,0,0,0,0,0,0,0,0,0,0,0,0,0,0,38,39,5,8,8,8,199,199,199,14,38,39,0,0,70,71,0,0,0,0,0,0,0,0,0,0
8,8,8,8,199,199,199,199,205,8,8,8,8,8,8,8,8,8,8,8,8,8,8,8,8,204,199,199,199,199,199,199,205,204,199,199,199,199,199,199,319,14,38,39,0,0,0,0,0,70,71,0,0,134,154,158,156,158,158,158,158,158,158,158,158,158,158,157,158,155,135,0,0,0,0,0,0,256,259,0,0,0,0,0,0,0,0,0,0,0,0,0,0,0,0,0,0,0,0,38,39,5,8,8,8,199,199,199,14,38,39,0,0,70,71,0,0,0,0,0,0,0,0,0,0
8,8,8,8,199,199,199,199,8,8,8,8,8,8,8,8,8,8,8,8,8,8,8,8,8,8,8,204,199,199,205,8,8,8,199,199,199,199,199,316,319,14,38,39,0,0,0,0,0,70,71,0,0,134,154,158,158,156,158,158,158,158,158,158,158,158,157,158,158,155,135,0,0,0,0,0,0,262,257,241,68,291,291,291,291,291,68,291,291,291,291,68,68,68,68,51,0,0,0,38,39,5,8,8,8,199,199,199,14,38,39,0,0,70,71,0,0,0,0,0,0,0,0,0,0
8,8,8,8,199,199,199,205,8,8,8,8,8,8,8,8,8,8,8,8,8,8,8,8,8,8,8,8,8,8,8,8,8,8,199,199,199,199,316,319,319,14,38,39,0,0,0,0,0,70,71,0,0,134,154,158,158,158,156,158,158,158,158,158,158,157,158,158,158,155,135,0,0,0,0,0,0,264,268,265,76,76,299,299,76,76,76,76,76,76,76,76,76,76,58,71,0,0,0,38,39,5,8,8,8,199,199,199,14,38,39,0,0,70,71,0,0,0,0,0,0,0,0,0,0
8,8,8,8,199,199,199,8,8,8,8,8,8,8,8,8,8,8,8,8,8,8,8,8,8,8,8,8,8,8,8,8,8,196,199,199,199,199,319,319,319,14,38,39,0,0,0,0,0,70,71,0,0,134,154,158,158,158,158,156,158,158,158,158,157,158,158,158,158,155,135,0,0,0,0,0,0,1,6,6,6,6,6,6,6,6,6,6,6,6,6,6,6,2,70,71,0,0,0,38,39,5,8,8,8,199,199,199,14,38,39,0,0,70,71,0,0,0,0,0,0,0,0,0,0
8,8,8,8,199,199,199,8,8,8,8,8,8,8,8,8,8,8,8,8,8,8,8,8,8,8,8,8,8,8,8,8,196,199,199,199,199,316,319,319,319,14,38,39,0,0,0,0,0,70,71,0,0,134,154,158,158,158,158,158,156,158,158,157,158,158,158,158,158,155,135,0,0,0,0,0,0,5,199,199,199,199,199,199,199,199,199,205,8,8,8,8,8,14,70,71,0,0,0,38,39,5,8,8,8,199,199,199,14,38,39,0,0,70,71,0,0,0,0,0,0,0,0,0,0
8,8,8,8,199,199,199,8,8,8,8,8,8,8,8,8,8,8,8,8,8,8,8,8,8,8,8,8,8,8,8,8,199,199,199,199,316,319,319,319,319,14,38,39,0,0,0,0,0,70,71,0,0,134,154,158,158,158,158,158,158,156,157,158,158,158,158,158,158,155,135,0,0,0,0,0,0,5,199,199,199,199,199,199,199,199,205,8,8,8,8,8,8,14,70,71,0,0,0,38,39,5,8,8,8,199,199,199,14,38,39,0,0,70,71,0,0,0,0,0,0,0,0,0,0
8,8,8,8,199,199,205,8,8,8,8,8,8,8,8,8,8,8,8,8,8,8,8,8,8,8,8,8,8,8,8,196,199,199,199,316,319,319,319,319,319,14,38,39,0,0,0,0,0,70,71,0,0,134,154,158,158,158,158,158,158,157,156,158,158,158,158,158,158,155,135,0,0,0,0,0,0,5,199,199,199,199,199,205,8,8,8,8,8,8,8,8,8,14,70,71,0,0,0,38,39,5,8,8,8,199,199,199,14,38,39,0,0,70,71,0,0,0,0,0,0,0,0,0,0
8,8,8,8,204,199,8,8,8,8,8,8,8,8,8,8,8,8,8,8,8,8,8,8,8,8,8,8,8,196,199,199,199,199,199,319,319,319,319,319,319,14,38,39,0,0,0,0,0,70,71,0,0,134,154,158,158,158,158,158,157,158,158,156,158,158,158,158,158,155,135,0,0,0,0,0,0,5,317,199,199,199,205,8,8,8,8,8,8,8,8,8,196,14,70,71,0,0,0,38,39,5,8,8,8,199,199,316,14,38,39,0,0,70,71,0,0,0,0,0,0,0,0,0,0
8,8,8,8,8,8,8,8,8,8,8,8,8,8,8,8,8,8,8,8,8,8,8,8,8,8,8,8,8,199,199,199,199,316,319,319,319,319,319,319,319,14,38,39,0,0,0,0,0,70,71,0,0,134,154,158,158,158,158,157,158,158,158,158,156,158,158,158,158,155,135,0,0,0,0,0,0,5,319,199,199,199,8,8,8,8,8,8,8,8,8,8,199,14,70,71,0,0,0,38,39,5,8,8,196,199,316,319,14,38,39,0,0,70,71,0,0,0,0,0,0,0,0,0,0
8,8,8,8,8,8,8,8,8,8,8,8,8,8,8,8,8,8,8,8,8,8,8,8,8,8,8,8,8,199,199,199,316,319,319,319,319,319,319,319,319,14,38,39,0,0,0,0,0,70,71,0,0,134,154,158,158,158,157,158,158,158,158,158,158,156,158,158,158,155,135,0,0,0,0,0,0,5,319,320,199,205,8,8,8,8,8,8,8,8,8,8,199,14,70,71,0,0,0,38,39,5,8,8,199,199,319,319,14,38,39,0,0,70,71,0,0,0,0,0,0,0,0,0,0
8,8,8,8,8,8,8,8,8,8,8,8,8,8,8,8,8,8,8,8,8,8,8,8,8,8,8,8,8,204,199,199,319,319,319,319,319,319,319,325,199,14,38,39,0,0,0,0,0,70,71,0,0,134,154,158,158,157,158,158,158,158,158,158,158,158,156,158,158,155,135,0,0,0,0,0,0,5,319,319,199,197,8,8,8,8,8,8,8,8,8,8,199,14,70,71,0,0,0,38,39,5,8,196,199,199,319,319,14,38,39,0,0,70,71,0,0,0,0,0,0,0,0,0,0
8,8,8,8,8,8,8,8,8,8,8,8,8,8,8,8,8,8,8,8,8,8,8,8,8,8,8,8,8,196,199,199,319,319,319,319,319,325,199,199,199,14,38,39,0,0,0,0,0,70,71,0,0,134,154,158,157,158,158,158,158,158,158,158,158,158,158,156,158,155,135,0,0,0,0,0,0,5,319,319,317,199,199,197,8,8,8,8,8,8,8,196,199,14,70,71,0,0,0,38,39,5,8,199,199,199,319,319,14,38,39,0,0,70,71,0,0,0,0,0,0,0,0,0,0
8,8,8,8,8,8,8,8,8,8,8,8,8,8,8,8,8,8,8,8,8,8,8,8,8,8,8,8,8,199,199,199,324,319,319,325,199,199,199,199,199,14,38,39,0,0,0,0,0,70,71,0,0,134,154,157,158,158,158,158,158,158,158,158,158,158,158,158,156,155,135,0,0,0,0,0,0,5,319,319,319,317,199,199,197,8,8,8,8,8,8,199,199,14,70,71,0,0,0,38,39,5,8,199,199,199,319,319,14,38,39,0,0,70,71,0,0,0,0,0,0,0,0,0,0
8,8,8,8,8,8,8,8,8,8,8,8,8,8,8,8,8,8,8,8,8,8,8,8,8,8,8,8,8,199,199,199,199,199,199,199,199,199,199,199,199,14,38,39,0,0,0,0,0,70,71,0,0,148,162,152,152,152,152,152,152,152,152,152,152,152,152,152,152,160,149,0,0,0,0,0,0,5,319,319,319,319,199,199,199,197,8,8,8,8,196,199,316,14,70,71,0,0,0,38,39,5,8,199,199,199,319,319,14,38,39,0,0,70,71,0,0,0,0,0,0,0,0,0,0
8,8,8,8,8,8,8,8,8,8,8,8,8,8,8,8,8,8,8,8,8,8,8,8,8,8,8,8,8,199,199,199,199,199,199,205,8,204,199,199,199,14,38,39,0,0,0,0,0,70,71,0,0,140,161,153,153,0,0,0,0,167,153,153,153,153,153,153,153,163,117,0,0,0,0,0,0,5,319,319,319,319,319,317,199,199,8,8,8,8,199,199,319,14,70,71,0,0,0,38,39,5,8,199,199,199,319,319,14,38,39,0,0,70,71,0,0,0,0,0,0,0,0,0,0
8,8,8,8,8,8,8,8,8,8,8,8,8,8,8,8,8,8,8,8,8,8,8,8,8,8,8,8,8,199,199,199,199,205,8,8,8,8,199,199,199,14,38,39,0,0,0,0,0,70,71,0,0,134,154,156,158,158,172,175,0,0,158,158,158,158,158,158,157,155,131,0,0,0,0,0,0,5,319,319,319,319,319,319,199,199,8,8,8,8,199,199,319,14,70,71,0,0,0,38,39,5,8,204,199,199,324,319,14,38,39,0,0,70,71,0,0,0,0,0,0,0,0,0,0
8,8,8,8,8,8,8,8,8,8,8,8,8,8,8,8,8,8,8,8,8,8,8,8,8,8,8,8,8,199,199,199,205,8,8,8,8,8,199,199,199,14,38,39,0,0,0,0,0,70,71,0,0,134,154,158,156,158,158,158,172,175,158,158,158,158,158,157,158,155,131,0,0,0,0,0,0,5,319,319,199,324,319,319,199,199,8,8,8,8,199,199,319,14,70,71,0,0,0,38,39,5,8,8,199,199,199,319,14,38,39,0,0,70,71,0,0,0,0,0,0,0,0,0,0
8,8,8,8,8,8,8,8,8,8,8,8,8,8,8,8,8,8,8,8,8,8,8,8,8,8,8,8,8,204,199,205,8,8,8,8,8,8,199,199,199,14,38,39,0,0,0,0,0,70,71,0,0,134,154,158,158,156,158,158,158,158,158,158,158,158,157,158,158,155,131,0,0,0,0,0,0,5,319,325,199,199,324,319,199,199,8,8,8,8,199,199,319,14,70,71,0,0,0,38,39,5,8,8,199,199,199,319,14,38,39,0,0,70,71,0,0,0,0,0,0,0,0,0,0
199,199,199,199,199,199,199,199,199,199,199,199,199,199,199,197,8,8,8,8,8,8,8,8,8,8,8,8,8,8,8,8,8,8,8,8,8,8,199,199,199,14,38,39,0,0,0,0,0,70,71,0,0,134,154,158,158,158,156,158,158,158,158,158,158,157,158,158,158,155,131,0,0,0,0,0,0,5,319,199,199,206,204,199,199,205,8,8,8,8,199,199,319,14,70,71,0,0,0,38,39,5,8,8,204,199,199,319,14,38,39,0,0,70,71,0,0,0,0,0,0,0,0,0,0
319,319,319,319,319,319,319,319,319,317,199,199,199,199,199,199,8,8,8,8,8,8,8,8,8,8,8,8,8,8,8,8,8,8,8,8,8,8,199,199,199,14,38,39,0,0,0,0,0,70,71,0,0,134,154,158,158,158,158,156,158,158,158,158,157,158,158,158,158,155,131,0,0,0,0,0,0,5,325,199,199,8,8,204,199,8,8,8,8,8,199,199,319,14,70,71,0,0,0,38,39,5,8,8,8,199,199,319,14,38,39,0,0,70,71,0,0,0,0,0,0,0,0,0,0
319,319,319,319,319,319,319,319,319,319,319,317,199,199,199,199,8,8,8,8,8,8,8,8,8,8,8,8,8,8,8,8,8,8,8,8,8,199,199,199,199,14,38,39,0,0,0,0,0,70,71,0,0,134,154,158,158,158,158,158,156,158,158,157,158,158,158,158,158,155,131,0,0,0,0,0,0,5,199,199,199,8,8,8,199,8,8,8,8,8,199,316,319,14,70,71,0,0,0,38,39,5,8,8,8,199,199,319,14,38,39,0,0,70,71,0,0,0,0,0,0,0,0,0,0
319,319,319,319,319,319,319,319,319,319,319,319,199,199,199,199,8,8,8,8,8,8,8,8,8,8,8,8,8,8,8,8,8,8,8,8,8,199,199,199,199,14,38,39,0,0,0,0,0,70,71,0,0,134,154,158,158,158,158,158,158,156,157,158,158,158,158,158,158,155,131,0,0,0,0,0,0,5,199,199,199,197,8,8,204,8,8,8,8,8,199,319,319,14,70,71,0,0,0,38,39,5,8,8,8,199,199,319,14,38,39,0,0,70,71,0,0,0,0,0,0,0,0,0,0
319,319,319,319,319,319,319,319,319,319,319,319,199,199,199,199,8,8,8,8,8,8,8,8,8,8,8,8,8,8,8,8,8,8,8,8,8,204,199,199,199,14,38,39,0,0,0,0,0,70,71,0,0,134,154,158,158,158,158,158,158,157,156,158,158,158,158,158,158,155,131,0,0,0,0,0,0,5,199,199,199,199,8,8,8,8,8,8,8,8,199,319,319,14,70,71,0,0,0,38,39,5,8,8,8,199,199,319,14,38,39,0,0,70,71,0,0,0,0,0,0,0,0,0,0
319,319,319,319,319,319,319,319,319,319,319,319,199,199,199,199,8,8,8,8,8,8,8,8,8,8,8,8,8,8,8,8,8,8,8,8,8,8,204,199,199,14,38,39,0,0,0,0,0,70,71,0,0,134,154,158,158,158,158,158,157,158,158,156,158,158,158,158,158,155,131,0,0,0,0,0,0,5,317,199,199,199,8,8,8,8,8,8,8,8,199,319,319,14,70,71,0,0,0,38,39,5,8,8,8,199,199,319,14,38,39,0,0,70,71,0,0,0,0,0,0,0,0,0,0
319,319,319,319,319,319,319,319,319,319,319,319,199,199,199,199,197,8,8,8,8,8,8,8,8,8,8,8,8,8,8,8,8,8,8,8,8,8,8,199,199,14,38,39,0,0,0,0,0,70,71,0,0,134,154,158,158,158,158,157,158,158,158,158,156,158,158,158,158,155,131,0,0,0,0,0,0,5,319,317,199,199,8,8,8,8,8,8,8,8,199,319,319,14,70,71,0,0,0,38,39,5,8,8,8,199,199,319,14,38,39,0,0,70,71,0,0,0,0,0,0,0,0,0,0
319,319,319,319,319,319,319,319,319,319,319,319,199,199,199,199,199,8,8,8,8,8,8,8,8,8,8,8,8,8,8,8,8,8,8,8,8,8,8,204,199,14,38,39,0,0,0,0,0,70,71,0,0,134,154,158,158,158,157,158,158,158,158,158,158,156,158,158,158,155,131,0,0,0,0,0,0,5,319,319,199,199,8,8,8,8,8,8,8,8,199,319,319,14,70,71,0,0,0,38,39,5,8,8,8,199,199,319,14,38,39,0,0,70,71,0,0,0,0,0,0,0,0,0,0
319,319,319,325,199,324,319,319,319,319,319,319,199,199,199,199,199,8,8,8,8,8,8,8,8,8,8,8,8,8,8,8,8,8,8,8,8,8,8,8,204,14,38,39,0,0,0,0,0,70,71,0,0,134,154,158,158,157,158,158,158,158,158,158,158,158,156,158,158,155,131,0,0,0,0,0,0,5,319,319,320,199,8,8,8,8,8,8,8,8,199,324,319,14,70,71,0,0,0,38,39,5,8,8,8,199,199,319,14,38,39,0,0,70,71,0,0,0,0,0,0,0,0,0,0
319,319,319,199,199,199,324,319,319,319,319,325,199,199,199,199,199,8,8,8,8,8,8,8,8,8,8,8,8,8,8,8,8,8,8,8,8,8,8,8,8,14,38,39,0,0,0,0,0,70,71,0,0,134,154,158,157,158,158,158,158,158,158,158,158,158,158,156,158,155,131,0,0,0,0,0,0,5,319,319,319,199,8,8,8,8,8,8,8,196,199,199,319,14,70,71,0,0,0,38,39,5,8,8,8,199,199,319,14,38,39,0,0,70,71,0,0,0,0,0,0,0,0,0,0
319,319,325,199,199,199,199,324,319,319,319,199,199,199,199,199,199,197,8,8,8,8,8,8,8,8,8,8,8,8,8,8,8,8,8,8,8,8,8,8,8,14,38,39,0,0,0,0,0,70,71,0,0,134,154,157,158,158,158,158,158,158,158,158,158,158,158,158,156,155,131,0,0,0,0,0,0,5,319,319,319,199,8,8,8,8,8,8,8,199,199,199,324,14,70,71,0,0,0,38,39,5,8,8,8,199,199,319,14,38,39,0,0,70,71,0,0,0,0,0,0,0,0,0,0
319,325,199,199,199,199,199,199,199,199,199,199,199,199,199,199,199,199,197,8,8,8,8,8,8,8,8,8,8,8,8,8,8,8,8,8,8,8,8,8,8,14,38,39,0,0,0,0,0,70,71,0,0,134,162,152,152,152,152,152,152,152,152,152,152,152,152,152,152,160,131,0,0,0,0,0,0,5,319,319,319,199,8,8,8,8,8,8,8,199,199,199,199,14,70,71,0,0,0,38,39,5,8,8,8,199,199,319,14,38,39,0,0,70,71,0,0,0,0,0,0,0,0,0,0
325,199,199,199,199,199,199,199,199,199,199,199,199,199,199,199,199,199,199,199,199,197,8,8,8,8,8,8,8,8,8,8,8,8,8,8,8,8,8,8,8,14,38,39,0,0,0,0,0,70,71,0,0,186,129,129,129,129,129,129,129,129,129,129,129,129,129,129,129,129,127,0,0,0,0,0,0,5,319,319,319,199,8,8,8,8,8,8,196,199,204,199,199,14,70,71,0,0,0,38,39,5,8,8,8,199,199,324,14,38,39,0,0,70,71,0,0,0,0,0,0,0,0,0,0
199,199,199,199,199,207,199,199,199,207,199,199,199,199,199,199,199,199,199,199,199,199,197,8,8,8,8,8,8,8,8,8,8,8,8,8,8,8,8,8,8,14,38,39,0,0,0,0,0,70,71,0,0,0,0,0,0,0,0,0,0,0,0,0,0,0,0,0,0,0,0,0,0,0,0,0,0,5,319,319,325,199,8,8,8,8,8,8,194,205,8,201,199,14,70,71,0,0,0,38,39,5,8,8,8,199,199,199,14,38,39,0,0,70,71,0,0,0,0,0,0,0,0,0,0
199,199,205,8,8,8,8,8,8,8,8,8,8,204,199,199,199,199,199,199,199,199,199,197,8,8,8,8,8,8,8,8,8,8,8,8,8,8,8,8,8,14,38,39,0,0,0,0,0,70,71,0,0,0,0,0,0,0,0,0,0,0,0,0,0,0,0,0,0,0,0,0,0,0,0,0,0,5,319,319,199,199,8,8,8,8,8,8,8,8,8,8,204,14,70,71,0,0,0,38,39,5,8,8,8,199,199,199,14,38,39,0,0,70,71,0,0,0,0,0,0,0,0,0,0
205,8,8,8,8,8,8,8,8,8,8,8,8,8,8,8,8,204,199,199,199,199,199,199,199,199,197,8,8,8,8,8,8,8,8,8,8,8,8,8,8,14,38,39,0,0,0,0,0,70,71,0,0,0,0,0,0,0,0,0,0,0,0,0,0,0,0,0,0,0,0,0,0,0,0,0,0,5,319,319,199,199,200,8,8,8,8,8,8,8,8,8,8,14,70,71,0,0,0,38,39,5,8,8,8,204,199,199,14,38,39,0,0,70,71,0,0,0,0,0,0,0,0,0,0
8,8,8,8,8,8,8,8,8,8,8,8,8,8,8,8,8,8,8,8,8,204,199,199,199,199,199,197,8,8,8,8,8,8,8,8,8,8,8,8,8,14,38,39,0,0,0,0,0,70,71,0,0,0,0,0,0,0,0,0,0,0,0,0,0,0,0,0,0,0,0,0,0,0,0,0,0,5,319,325,199,199,192,8,8,8,8,8,8,8,8,8,8,14,70,71,0,0,0,38,39,5,8,8,8,8,204,199,14,38,39,0,0,70,71,0,0,0,0,0,0,0,0,0,0
8,8,8,8,8,8,8,8,8,8,8,8,8,8,8,8,8,8,8,8,8,8,204,199,199,199,199,199,8,8,8,8,8,8,8,8,8,8,8,8,8,14,38,39,0,0,0,0,0,70,71,0,0,0,0,0,0,0,0,0,0,0,0,0,0,0,0,0,0,0,0,0,0,0,0,0,0,5,325,199,199,199,8,8,8,8,8,8,8,8,8,8,8,14,70,71,0,0,0,38,39,5,8,8,8,8,8,204,14,38,39,0,0,70,71,0,0,0,0,0,0,0,0,0,0
8,8,8,8,8,8,8,8,8,8,8,8,8,8,8,8,8,8,8,8,8,8,8,8,204,199,199,205,8,8,8,8,8,8,8,8,8,8,8,8,8,14,38,39,0,0,0,0,0,70,71,0,0,0,0,0,0,0,0,0,0,0,0,0,0,0,0,0,0,0,0,0,0,0,0,0,0,5,199,199,199,199,8,8,8,8,8,8,8,8,8,8,8,14,70,71,0,0,0,38,39,5,8,8,8,8,8,8,14,38,39,0,0,70,71,0,0,0,0,0,0,0,0,0,0
8,8,8,8,8,8,8,8,8,8,8,8,8,8,8,8,8,8,8,8,8,8,8,8,8,8,8,8,8,8,8,8,8,8,8,8,8,8,8,8,8,14,38,39,0,0,0,0,0,70,71,0,0,0,0,0,0,0,0,0,0,0,0,0,0,0,0,0,0,0,0,0,0,0,0,0,0,5,199,199,199,199,8,8,8,8,8,8,8,8,8,8,8,14,70,71,0,0,0,38,39,5,8,8,8,8,8,8,14,38,39,0,0,70,71,0,0,0,0,0,0,0,0,0,0
8,8,8,8,8,8,8,8,8,8,8,8,8,8,8,8,8,8,8,8,8,8,8,8,8,8,8,8,8,8,8,8,8,8,8,8,8,8,8,8,8,14,38,39,0,0,0,0,0,70,71,0,0,0,0,0,0,0,0,0,0,0,0,0,0,0,0,0,0,0,0,0,0,0,0,0,0,5,199,199,199,199,200,8,8,8,8,8,8,8,8,8,8,14,70,71,0,0,0,38,39,5,8,8,8,8,8,8,14,38,39,0,0,70,71,0,0,0,0,0,0,0,0,0,0
8,8,8,8,8,8,8,8,8,8,8,8,8,8,8,8,8,8,8,8,8,8,8,8,8,8,8,8,8,8,8,8,8,8,8,8,8,8,8,8,8,14,38,39,0,0,0,0,0,70,71,0,0,0,0,0,0,0,0,0,0,0,0,0,0,0,0,0,0,0,0,0,0,0,0,0,0,5,199,199,205,8,8,8,8,8,8,8,8,8,8,8,8,14,70,71,0,0,0,38,39,5,8,8,8,8,8,8,14,38,39,0,0,70,71,0,0,0,0,0,0,0,0,0,0
8,8,8,8,8,8,8,8,8,8,8,8,8,8,8,8,8,8,8,8,8,8,8,8,8,8,8,8,8,8,8,8,8,8,8,8,8,8,8,8,8,14,38,39,0,0,0,0,0,70,71,0,0,0,0,0,0,0,0,0,0,0,0,0,0,0,0,0,0,0,0,0,0,0,0,0,0,5,205,8,8,8,8,8,8,8,8,8,8,8,8,8,8,14,70,71,0,0,0,38,39,5,8,8,8,8,8,8,14,38,39,0,0,70,71,0,0,0,0,0,0,0,0,0,0
8,8,8,8,8,8,8,8,8,8,8,8,8,8,8,8,8,8,8,8,8,8,8,8,8,8,8,8,8,8,8,8,8,8,8,8,8,8,8,8,8,14,38,39,0,0,0,0,0,70,71,0,0,0,0,0,0,0,0,0,0,0,0,0,0,0,0,0,0,0,0,0,0,0,0,0,0,5,8,8,8,8,8,8,8,8,8,8,8,8,8,8,8,14,70,71,0,0,0,38,39,5,8,8,8,8,8,8,14,38,39,0,0,70,71,0,0,0,0,0,0,0,0,0,0
8,8,8,8,8,8,8,8,8,8,8,8,8,8,8,8,8,8,8,8,8,8,8,8,8,8,8,8,8,8,8,8,8,8,8,8,8,8,8,8,8,14,38,39,0,0,0,0,0,70,71,0,0,0,0,0,0,0,0,0,0,0,0,0,0,0,0,0,0,0,0,0,0,0,0,0,0,5,8,8,8,8,8,8,8,8,8,8,8,8,8,8,8,14,70,71,0,0,0,38,39,5,8,8,8,8,8,8,14,38,39,0,0,70,71,0,0,0,0,0,0,0,0,0,0
8,8,8,8,8,8,8,8,8,8,8,8,8,8,8,8,8,8,8,8,8,8,8,8,8,8,8,8,8,8,8,8,8,8,8,8,8,8,8,8,8,14,38,39,0,0,0,0,0,70,71,0,0,0,0,0,0,0,0,0,0,0,0,0,0,0,0,0,0,0,0,0,0,0,0,0,0,5,8,8,8,8,8,8,8,8,8,8,8,8,8,8,8,14,70,71,0,0,0,38,39,5,8,8,8,8,8,8,14,38,39,0,0,70,71,0,0,0,0,0,0,0,0,0,0
8,8,8,8,8,8,8,8,8,8,8,8,8,8,8,8,8,8,8,8,8,8,8,8,8,8,8,8,8,8,8,8,8,8,8,8,8,8,8,8,8,14,38,39,0,0,0,0,0,70,71,0,0,1,6,6,6,6,6,6,6,6,6,6,6,6,6,6,6,6,2,0,0,0,0,0,0,5,8,8,8,8,8,8,8,8,8,8,8,8,8,8,8,14,70,71,0,0,0,38,39,5,8,8,8,8,8,8,14,38,39,0,0,70,71,0,0,0,0,0,0,0,0,0,0
8,8,8,8,8,8,8,8,8,8,8,8,8,8,8,8,8,8,8,8,8,8,8,8,8,8,8,8,8,8,8,8,8,8,8,8,8,8,8,8,8,14,38,39,0,0,0,0,0,70,71,0,0,5,325,199,199,199,319,319,319,319,319,319,319,319,319,319,319,319,14,0,0,0,0,0,0,5,8,8,8,8,8,8,8,8,8,8,8,8,8,8,8,14,70,71,0,0,0,38,39,5,8,8,8,8,8,8,14,38,39,0,0,70,71,0,0,0,0,0,0,0,0,0,0
8,8,8,8,8,8,8,8,8,8,8,8,8,8,8,8,8,8,8,8,8,8,8,8,8,8,8,8,8,8,8,8,8,8,8,8,8,8,8,8,196,14,38,39,0,0,0,0,0,70,71,0,0,5,199,199,199,199,324,319,319,319,319,319,319,319,319,319,319,319,14,0,0,0,0,0,0,5,8,8,8,8,8,8,8,8,8,8,8,8,8,8,8,14,70,71,0,0,0,38,39,5,8,8,8,8,8,8,14,38,39,0,0,70,71,0,0,0,0,0,0,0,0,0,0
8,8,8,8,8,8,8,8,8,8,8,8,8,8,8,8,8,8,8,8,8,8,8,8,8,8,8,8,8,8,8,8,8,8,8,8,8,196,199,199,199,14,38,39,0,0,0,0,0,70,71,0,0,5,199,199,205,193,199,199,199,319,319,319,319,199,324,319,319,319,14,0,0,0,0,0,0,5,8,8,8,8,8,8,8,8,8,8,8,8,8,8,8,14,70,71,0,0,0,38,39,5,8,8,8,8,8,8,14,38,39,0,0,70,71,0,0,0,0,0,0,0,0,0,0
8,8,8,8,8,8,8,8,8,8,8,8,8,8,8,8,8,8,8,8,8,8,8,8,8,8,8,8,8,8,8,8,196,199,199,199,199,199,199,199,199,14,38,39,0,0,0,0,0,70,71,0,0,5,199,199,8,8,199,199,199,324,319,319,325,199,199,199,324,319,14,0,0,0,0,0,0,5,8,8,8,8,8,8,8,8,8,8,8,196,199,199,199,14,70,71,0,0,0,38,39,5,8,8,8,8,8,8,14,38,39,0,0,70,71,0,0,0,0,0,0,0,0,0,0
8,8,8,8,8,8,8,8,8,8,8,8,8,8,8,8,8,8,8,8,8,202,8,196,199,197,8,8,8,8,8,196,199,199,199,199,199,199,199,316,319,14,38,39,0,0,0,0,0,70,71,0,0,5,199,205,8,8,204,199,199,199,319,319,199,199,199,199,199,324,14,0,0,0,0,0,0,5,8,8,8,8,8,8,8,8,8,8,8,199,316,319,317,14,70,71,0,0,0,38,39,5,8,8,8,8,8,8,14,38,39,0,0,70,71,0,0,0,0,0,0,0,0,0,0
8,8,8,8,8,8,8,8,8,8,8,8,8,8,8,8,8,8,8,8,193,199,199,199,199,199,199,197,8,8,8,199,199,199,199,199,199,316,319,319,319,14,38,39,0,0,0,0,0,70,71,0,0,5,199,8,8,8,8,8,204,199,319,319,199,199,199,199,199,199,14,0,0,0,0,0,0,5,8,8,8,8,8,8,8,8,8,8,8,199,319,319,319,14,70,71,0,0,0,38,39,5,8,8,8,8,8,8,14,38,39,0,0,70,71,0,0,0,0,0,0,0,0,0,0
8,8,8,8,8,8,8,8,8,8,8,8,8,8,8,8,8,8,8,8,8,8,204,199,199,199,199,199,199,199,199,199,199,316,319,319,319,319,319,319,319,14,38,39,0,0,0,0,0,70,71,0,0,5,199,8,8,8,8,8,8,199,319,319,199,205,8,8,204,199,14,0,0,0,0,0,0,5,8,8,8,8,8,8,8,8,8,8,8,199,319,319,319,14,70,71,0,0,0,38,39,5,8,8,8,8,8,8,14,38,39,0,0,70,71,0,0,0,0,0,0,0,0,0,0
8,8,8,8,8,8,8,8,8,8,8,8,8,8,8,8,8,8,8,8,8,8,8,199,199,199,199,199,199,199,199,316,319,319,319,319,319,319,319,319,319,14,38,39,0,0,0,0,0,70,71,0,0,5,199,8,8,8,8,8,8,199,319,319,199,8,8,8,8,8,14,0,0,0,0,0,0,5,8,8,8,8,8,8,8,8,8,8,8,199,199,324,319,14,70,71,0,0,0,38,39,5,8,8,8,8,8,8,14,38,39,0,0,70,71,0,0,0,0,0,0,0,0,0,0
8,8,8,8,8,8,8,8,8,8,8,8,8,8,8,8,8,8,8,8,8,8,8,204,199,199,199,199,321,319,319,319,319,319,319,319,319,319,319,319,319,14,38,39,0,0,0,0,0,70,71,0,0,5,199,8,8,8,8,8,8,199,319,319,199,8,8,8,8,8,14,0,0,0,0,0,0,5,8,8,8,8,8,8,8,8,8,8,8,204,199,199,319,14,70,71,0,0,0,38,39,5,8,8,8,8,8,8,14,38,39,0,0,70,71,0,0,0,0,0,0,0,0,0,0
8,8,8,8,8,8,8,8,8,8,8,8,8,8,8,8,8,8,8,8,8,8,8,8,199,199,199,199,199,199,324,319,319,319,319,319,319,319,319,319,319,14,38,39,0,0,0,0,0,70,71,0,0,5,199,197,8,8,8,8,8,199,319,319,199,8,8,8,8,8,14,0,0,0,0,0,0,5,8,8,8,8,8,8,8,8,8,8,8,8,199,199,324,14,70,71,0,0,0,38,39,5,8,8,8,8,8,8,14,38,39,0,0,70,71,0,0,0,0,0,0,0,0,0,0
8,8,8,8,8,8,8,8,8,8,8,8,8,8,8,8,8,8,8,8,8,8,8,8,204,199,199,199,199,199,199,199,324,319,319,319,319,319,319,319,319,14,38,39,0,0,0,0,0,70,71,0,0,5,199,199,8,8,8,8,8,199,319,319,199,8,8,8,8,8,14,0,0,0,0,0,0,5,8,8,8,8,8,8,8,8,8,8,8,8,199,199,199,14,70,71,0,0,0,38,39,5,8,8,8,8,8,8,14,38,39,0,0,70,71,0,0,0,0,0,0,0,0,0,0
8,8,8,8,8,8,8,8,8,8,8,8,8,8,8,8,8,8,8,8,8,8,8,8,8,199,199,199,199,199,199,199,199,319,319,319,319,319,319,319,319,14,38,39,0,0,0,0,0,70,71,0,0,5,199,199,8,8,8,8,8,199,324,319,199,8,8,8,8,8,14,0,0,0,0,0,0,5,8,8,8,8,8,8,8,8,8,8,8,8,199,199,199,14,70,71,0,0,0,38,39,5,8,8,8,8,8,8,14,38,39,0,0,70,71,0,0,0,0,0,0,0,0,0,0
8,8,8,8,8,8,8,8,8,8,8,8,8,8,8,8,8,8,8,8,8,8,8,8,8,204,199,199,199,199,199,199,199,199,324,319,319,319,319,319,319,14,38,39,0,0,0,0,0,70,71,0,0,5,199,199,8,8,8,8,8,199,199,319,199,8,8,8,8,8,14,0,0,0,0,0,0,5,8,8,8,8,8,8,8,8,8,8,8,8,204,199,199,14,70,71,0,0,0,38,39,5,8,8,8,8,8,8,14,38,39,0,0,70,71,0,0,0,0,0,0,0,0,0,0
8,8,8,8,8,8,8,8,8,8,8,8,8,8,8,8,8,8,8,8,8,8,8,8,8,8,199,199,199,199,199,199,199,199,199,319,319,319,319,319,319,14,38,39,0,0,0,0,0,70,71,0,0,5,199,205,8,8,8,8,8,199,199,319,199,8,8,8,8,8,14,0,0,0,0,0,0,5,8,8,8,8,8,8,8,8,8,8,8,8,201,199,199,14,70,71,0,0,0,38,39,5,8,8,8,8,8,8,14,38,39,0,0,70,71,0,0,0,0,0,0,0,0,0,0
8,8,8,8,8,8,8,8,8,8,8,8,8,8,8,8,8,8,8,8,8,8,8,8,8,8,204,199,199,199,199,199,199,199,199,199,324,319,319,319,319,14,38,39,0,0,0,0,0,70,71,0,0,5,199,8,8,8,8,8,8,199,199,319,199,8,8,8,8,8,14,0,0,0,0,0,0,5,8,8,8,8,8,8,8,8,8,8,8,8,199,199,199,14,70,71,0,0,0,38,39,5,8,8,8,8,8,8,14,38,39,0,0,70,71,0,0,0,0,0,0,0,0,0,0
8,8,8,8,8,8,8,8,8,8,8,8,8,8,8,8,8,8,8,8,8,8,8,8,8,8,8,199,199,199,199,199,199,199,199,199,316,319,319,319,319,14,38,39,0,0,0,0,0,70,71,0,0,5,205,8,8,8,8,8,8,199,199,319,199,8,8,8,8,8,14,0,0,0,0,0,0,5,8,8,8,8,8,8,8,8,8,8,8,8,199,199,199,14,70,71,0,0,0,38,39,5,8,8,8,8,8,8,14,38,39,0,0,70,71,0,0,0,0,0,0,0,0,0,0
8,8,8,8,8,8,8,8,8,8,8,8,8,8,8,8,8,8,8,8,8,8,8,8,8,8,8,204,199,199,199,199,199,199,199,199,319,319,319,319,319,14,38,39,0,0,0,0,0,70,71,0,0,5,8,8,8,8,8,8,8,199,199,326,205,8,8,8,8,8,14,0,0,0,0,0,0,5,8,8,8,8,8,8,8,8,8,8,8,8,199,199,199,14,70,71,0,0,0,38,39,5,8,8,8,8,8,8,14,38,39,0,0,70,71,0,0,0,0,0,0,0,0,0,0
8,8,8,8,8,8,8,8,8,8,8,8,8,8,8,8,8,8,8,8,8,8,8,8,8,8,8,8,207,199,199,199,199,199,199,199,319,319,319,319,319,14,38,39,0,0,0,0,0,70,71,0,0,5,8,8,8,8,8,8,8,199,199,199,197,8,8,8,8,8,14,0,0,0,0,0,0,5,8,8,8,8,8,8,8,8,8,8,8,196,199,199,199,14,70,71,0,0,0,38,39,5,8,8,8,8,8,8,14,38,39,0,0,70,71,0,0,0,0,0,0,0,0,0,0
8,8,8,8,8,8,8,8,8,8,8,8,8,8,8,8,8,8,8,8,8,8,8,8,8,8,8,8,196,199,199,199,199,199,199,199,319,319,319,319,319,14,38,39,0,0,0,0,0,70,71,0,0,5,8,8,8,8,8,8,8,199,199,199,199,8,8,8,8,8,14,0,0,0,0,0,0,5,8,8,8,8,8,8,8,8,8,8,8,199,199,199,199,14,70,71,0,0,0,38,39,5,8,8,8,8,8,8,14,38,39,0,0,70,71,0,0,0,0,0,0,0,0,0,0
8,8,8,8,8,8,8,8,8,8,8,8,8,8,8,8,8,8,8,8,8,8,8,8,8,8,8,196,199,199,199,199,199,199,199,199,324,319,319,319,319,14,38,39,0,0,0,0,0,70,71,0,0,5,8,8,8,8,8,8,8,204,199,205,8,8,8,8,8,8,14,0,0,0,0,0,0,5,8,8,8,8,8,8,8,8,8,8,196,199,199,199,199,14,70,71,0,0,0,38,39,5,8,8,8,8,8,196,14,38,39,0,0,70,71,0,0,0,0,0,0,0,0,0,0
8,8,8,8,8,8,8,8,8,8,8,8,8,8,8,8,8,8,8,8,8,8,8,8,8,8,8,199,199,199,199,199,199,199,199,199,199,319,319,319,319,14,38,39,0,0,0,0,0,70,71,0,0,5,8,8,8,8,8,8,8,8,199,8,8,8,8,8,8,8,14,0,0,0,0,0,0,5,8,8,8,8,8,8,8,8,8,8,199,199,199,199,316,14,70,71,0,0,0,38,39,5,8,8,8,8,196,199,14,38,39,0,0,70,71,0,0,0,0,0,0,0,0,0,0
8,8,8,8,8,8,8,8,8,8,8,8,8,8,8,8,8,8,8,8,8,8,8,8,8,196,199,199,199,199,199,199,199,199,199,199,199,319,319,319,319,14,38,39,0,0,0,0,0,70,71,0,0,5,8,8,8,8,8,8,8,8,194,8,8,8,8,8,8,8,14,0,0,0,0,0,0,5,8,8,8,8,8,8,8,8,8,196,199,199,199,199,319,14,70,71,0,0,0,38,39,5,8,8,8,8,199,199,14,38,39,0,0,70,71,0,0,0,0,0,0,0,0,0,0
8,8,8,8,8,8,8,8,8,8,8,8,8,8,8,8,8,8,8,8,8,8,196,199,199,199,199,199,199,199,199,199,199,199,199,199,316,319,319,319,319,14,38,39,0,0,0,0,0,70,71,0,0,5,199,197,8,8,8,8,8,8,8,8,8,8,8,8,8,8,14,0,0,0,0,0,0,5,8,8,8,8,8,8,8,8,8,199,199,199,199,199,319,14,70,71,0,0,0,38,39,5,8,8,8,8,199,199,14,38,39,0,0,70,71,0,0,0,0,0,0,0,0,0,0
8,8,8,8,8,8,8,8,8,8,8,8,8,8,8,8,8,8,8,8,8,8,199,199,199,199,199,199,199,199,199,199,199,199,199,316,319,319,319,319,319,14,38,39,0,0,0,0,0,70,71,0,0,5,199,199,197,8,8,8,8,8,8,8,8,8,8,8,8,8,14,0,0,0,0,0,0,5,8,8,8,8,8,8,8,8,8,199,199,199,199,199,319,14,70,71,0,0,0,38,39,5,8,8,8,196,199,199,14,38,39,0,0,70,71,0,0,0,0,0,0,0,0,0,0
8,8,8,8,8,8,8,8,8,8,8,8,8,8,8,8,8,8,8,8,8,8,199,199,199,199,199,199,199,199,199,199,199,199,316,319,319,319,319,319,319,14,38,39,0,0,0,0,0,70,71,0,0,5,199,199,199,8,8,8,8,8,8,8,8,8,8,8,8,8,14,0,0,0,0,0,0,5,8,8,8,8,8,8,8,8,196,199,199,199,199,199,319,14,70,71,0,0,0,38,39,5,8,8,8,199,199,199,14,38,39,0,0,70,71,0,0,0,0,0,0,0,0,0,0
8,8,8,8,8,8,8,8,8,8,8,8,8,8,8,8,8,8,8,8,8,8,199,199,199,199,199,199,199,199,199,316,319,319,319,319,319,319,319,319,319,14,38,39,0,0,0,0,0,70,71,0,0,5,317,199,199,197,8,8,8,8,8,8,8,8,8,8,8,8,14,0,0,0,0,0,0,5,8,8,8,8,8,8,8,8,199,199,199,199,199,199,319,14,70,71,0,0,0,38,39,5,8,8,8,199,199,199,14,38,39,0,0,70,71,0,0,0,0,0,0,0,0,0,0
8,8,8,8,8,8,8,8,8,8,8,8,8,8,8,8,8,8,8,8,8,196,199,199,199,199,319,319,319,319,319,319,319,319,319,319,319,319,319,319,319,14,38,39,0,0,0,0,0,70,71,0,0,5,319,317,199,199,8,8,8,8,8,8,8,8,8,8,8,8,14,0,0,0,0,0,0,5,8,8,8,8,8,8,8,8,199,199,199,199,199,199,319,14,70,71,0,0,0,38,39,5,8,8,196,199,199,199,14,38,39,0,0,70,71,0,0,0,0,0,0,0,0,0,0
8,8,8,8,8,8,8,8,8,8,8,8,8,8,8,8,8,8,8,196,199,199,199,199,199,199,199,324,319,319,319,319,319,319,319,319,319,319,319,319,319,14,38,39,0,0,0,0,0,70,71,0,0,5,319,319,317,199,199,197,8,8,8,8,8,8,8,8,8,8,14,0,0,0,0,0,0,5,8,8,8,8,8,8,8,8,199,199,199,199,199,316,319,14,70,71,0,0,0,38,39,5,8,8,199,199,199,199,14,38,39,0,0,70,71,0,0,0,0,0,0,0,0,0,0
8,8,8,8,8,8,8,8,8,8,8,8,8,8,196,199,199,199,199,199,199,199,199,199,199,199,199,199,199,324,319,319,319,319,319,319,319,319,319,319,319,14,38,39,0,0,0,0,0,70,71,0,0,5,319,319,319,319,199,199,8,8,8,8,8,8,8,8,8,8,14,0,0,0,0,0,0,5,8,8,8,8,8,8,8,8,199,199,316,317,316,319,319,14,70,71,0,0,0,38,39,5,8,8,199,199,199,316,14,38,39,0,0,70,71,0,0,0,0,0,0,0,0,0,0
8,8,8,8,8,8,8,8,8,8,8,8,8,8,199,199,199,199,199,199,199,199,199,199,199,199,199,199,199,199,319,319,319,319,319,319,319,319,319,319,319,14,38,39,0,0,0,0,0,70,71,0,0,5,319,319,319,325,199,199,8,8,8,8,8,8,8,8,8,8,14,0,0,0,0,0,0,5,8,8,8,8,8,8,8,199,199,199,319,319,319,319,319,14,70,71,0,0,0,38,39,5,8,8,199,316,319,319,14,38,39,0,0,70,71,0,0,0,0,0,0,0,0,0,0
8,8,8,8,8,8,8,8,8,8,8,8,8,8,199,199,199,199,199,199,199,199,199,199,199,199,199,199,199,199,319,319,319,319,319,319,319,319,319,319,319,14,38,39,0,0,0,0,0,70,71,0,0,5,319,319,319,199,199,199,8,8,8,8,8,8,8,8,8,8,14,0,0,0,0,0,0,5,8,8,8,8,8,8,8,199,199,199,324,319,319,319,319,14,70,71,0,0,0,38,39,5,8,196,199,319,319,319,14,38,39,0,0,70,71,0,0,0,0,0,0,0,0,0,0
8,8,8,8,8,8,8,8,8,8,8,8,8,196,199,199,199,199,199,199,199,199,199,199,199,199,199,199,199,199,319,319,319,319,319,319,319,319,319,319,319,14,38,39,0,0,0,0,0,70,71,0,0,5,319,319,325,199,199,199,8,8,8,8,8,8,8,8,8,8,14,0,0,0,0,0,0,5,8,8,8,8,8,8,8,199,199,199,199,319,319,319,319,14,70,71,0,0,0,38,39,5,8,199,199,319,319,319,14,38,39,0,0,70,71,0,0,0,0,0,0,0,0,0,0
8,8,8,8,8,8,8,8,8,8,8,8,8,199,199,199,199,199,199,199,199,199,199,199,199,199,199,199,199,316,319,319,319,319,319,319,319,319,319,319,319,14,38,39,0,0,0,0,0,70,71,0,0,5,319,319,199,199,199,199,197,8,8,8,8,8,8,8,8,8,14,0,0,0,0,0,0,5,8,8,8,8,8,8,8,199,199,199,199,324,319,319,319,14,70,71,0,0,0,38,39,5,8,199,199,319,319,319,14,38,39,0,0,70,71,0,0,0,0,0,0,0,0,0,0
8,8,8,8,8,8,8,8,8,8,8,8,8,199,199,199,199,199,199,199,199,199,199,199,199,199,199,199,316,319,319,319,319,319,319,319,319,319,319,319,319,14,38,39,0,0,0,0,0,70,71,0,0,5,319,319,317,199,199,199,199,199,197,8,8,8,8,8,8,8,14,0,0,0,0,0,0,5,8,8,8,8,8,8,196,199,199,199,199,199,199,319,319,14,70,71,0,0,0,38,39,5,8,199,199,319,319,319,14,38,39,0,0,70,71,0,0,0,0,0,0,0,0,0,0
8,8,8,8,8,8,8,8,8,8,8,8,8,199,199,199,199,199,199,199,199,199,199,199,199,199,199,316,319,319,319,319,319,319,319,319,319,319,319,319,319,14,38,39,0,0,0,0,0,70,71,0,0,5,319,319,319,319,319,319,317,199,199,197,8,8,8,8,8,8,14,0,0,0,0,0,0,5,8,8,8,8,8,8,199,199,199,199,199,199,199,319,319,14,70,71,0,0,0,38,39,5,8,199,199,319,319,319,14,38,39,0,0,70,71,0,0,0,0,0,0,0,0,0,0
8,8,8,8,8,8,8,8,8,8,8,8,8,199,199,199,199,199,199,199,199,199,316,319,319,319,319,319,319,319,319,319,319,319,319,319,319,319,319,319,319,14,38,39,0,0,0,0,0,70,71,0,0,5,319,319,319,319,319,319,319,317,199,199,199,197,8,8,8,8,14,0,0,0,0,0,0,5,8,8,8,8,8,8,199,199,199,199,199,199,316,319,319,14,70,71,0,0,0,38,39,5,8,199,199,319,319,319,14,38,39,0,0,70,71,0,0,0,0,0,0,0,0,0,0
8,8,8,8,8,8,8,8,8,8,8,8,8,199,199,199,199,199,199,199,199,316,319,319,319,319,319,319,319,319,319,319,319,319,319,319,319,319,319,319,319,14,38,39,0,0,0,0,0,70,71,0,0,5,319,319,319,319,319,319,319,319,317,199,199,199,197,8,8,8,14,0,0,0,0,0,0,5,8,8,8,8,8,8,199,199,199,199,199,316,319,319,319,14,70,71,0,0,0,38,39,5,8,199,199,319,319,319,14,38,39,0,0,70,71,0,0,0,0,0,0,0,0,0,0
